元画像,YOLOラベル,cropファイル名,クラスID,bbox番号
1.jpg,1.txt,1_bbox0.jpg,0.0,0
10.jpg,10.txt,10_bbox0.jpg,1.0,0
100.jpg,100.txt,100_bbox0.jpg,0.0,0
1000.jpg,1000.txt,1000_bbox0.jpg,0.0,0
1001.jpg,1001.txt,1001_bbox0.jpg,0.0,0
1002.jpg,1002.txt,1002_bbox0.jpg,0.0,0
1003.jpg,1003.txt,1003_bbox0.jpg,0.0,0
1004.jpg,1004.txt,1004_bbox0.jpg,0.0,0
1005.jpg,1005.txt,1005_bbox0.jpg,0.0,0
1005.jpg,1005.txt,1005_bbox1.jpg,0.0,1
1006.jpg,1006.txt,1006_bbox0.jpg,0.0,0
1007.jpg,1007.txt,1007_bbox0.jpg,0.0,0
1008.jpg,1008.txt,1008_bbox0.jpg,0.0,0
1009.jpg,1009.txt,1009_bbox0.jpg,0.0,0
101.jpg,101.txt,101_bbox0.jpg,0.0,0
1010.jpg,1010.txt,1010_bbox0.jpg,0.0,0
1011.jpg,1011.txt,1011_bbox0.jpg,0.0,0
1012.jpg,1012.txt,1012_bbox0.jpg,0.0,0
1013.jpg,1013.txt,1013_bbox0.jpg,0.0,0
1014.jpg,1014.txt,1014_bbox0.jpg,0.0,0
1015.jpg,1015.txt,1015_bbox0.jpg,0.0,0
1016.jpg,1016.txt,1016_bbox0.jpg,0.0,0
1017.jpg,1017.txt,1017_bbox0.jpg,0.0,0
1018.jpg,1018.txt,1018_bbox0.jpg,0.0,0
1019.jpg,1019.txt,1019_bbox0.jpg,1.0,0
102.jpg,102.txt,102_bbox0.jpg,0.0,0
102.jpg,102.txt,102_bbox1.jpg,0.0,1
102.jpg,102.txt,102_bbox2.jpg,1.0,2
1020.jpg,1020.txt,1020_bbox0.jpg,0.0,0
1021.jpg,1021.txt,1021_bbox0.jpg,0.0,0
1022.jpg,1022.txt,1022_bbox0.jpg,0.0,0
1023.jpg,1023.txt,1023_bbox0.jpg,0.0,0
1024.jpg,1024.txt,1024_bbox0.jpg,0.0,0
1025.jpg,1025.txt,1025_bbox0.jpg,0.0,0
1026.jpg,1026.txt,1026_bbox0.jpg,0.0,0
1027.jpg,1027.txt,1027_bbox0.jpg,0.0,0
1028.jpg,1028.txt,1028_bbox0.jpg,0.0,0
1029.jpg,1029.txt,1029_bbox0.jpg,0.0,0
103.jpg,103.txt,103_bbox0.jpg,0.0,0
1030.jpg,1030.txt,1030_bbox0.jpg,0.0,0
1031.jpg,1031.txt,1031_bbox0.jpg,0.0,0
1032.jpg,1032.txt,1032_bbox0.jpg,0.0,0
1033.jpg,1033.txt,1033_bbox0.jpg,0.0,0
1034.jpg,1034.txt,1034_bbox0.jpg,0.0,0
1035.jpg,1035.txt,1035_bbox0.jpg,0.0,0
1036.jpg,1036.txt,1036_bbox0.jpg,0.0,0
1037.jpg,1037.txt,1037_bbox0.jpg,0.0,0
1038.jpg,1038.txt,1038_bbox0.jpg,0.0,0
1039.jpg,1039.txt,1039_bbox0.jpg,0.0,0
104.jpg,104.txt,104_bbox0.jpg,0.0,0
1040.jpg,1040.txt,1040_bbox0.jpg,0.0,0
1041.jpg,1041.txt,1041_bbox0.jpg,0.0,0
1042.jpg,1042.txt,1042_bbox0.jpg,0.0,0
1042.jpg,1042.txt,1042_bbox1.jpg,1.0,1
1043.jpg,1043.txt,1043_bbox0.jpg,0.0,0
1044.jpg,1044.txt,1044_bbox0.jpg,0.0,0
1045.jpg,1045.txt,1045_bbox0.jpg,0.0,0
1046.jpg,1046.txt,1046_bbox0.jpg,0.0,0
1047.jpg,1047.txt,1047_bbox0.jpg,0.0,0
1047.jpg,1047.txt,1047_bbox1.jpg,0.0,1
1047.jpg,1047.txt,1047_bbox2.jpg,0.0,2
1048.jpg,1048.txt,1048_bbox0.jpg,0.0,0
1049.jpg,1049.txt,1049_bbox0.jpg,0.0,0
105.jpg,105.txt,105_bbox0.jpg,0.0,0
106.jpg,106.txt,106_bbox0.jpg,0.0,0
107.jpg,107.txt,107_bbox0.jpg,0.0,0
108.jpg,108.txt,108_bbox0.jpg,0.0,0
109.jpg,109.txt,109_bbox0.jpg,0.0,0
11.jpg,11.txt,11_bbox0.jpg,0.0,0
110.jpg,110.txt,110_bbox0.jpg,0.0,0
110.jpg,110.txt,110_bbox1.jpg,1.0,1
111.jpg,111.txt,111_bbox0.jpg,0.0,0
112.jpg,112.txt,112_bbox0.jpg,0.0,0
113.jpg,113.txt,113_bbox0.jpg,0.0,0
113.jpg,113.txt,113_bbox1.jpg,1.0,1
114.jpg,114.txt,114_bbox0.jpg,0.0,0
115.jpg,115.txt,115_bbox0.jpg,0.0,0
116.jpg,116.txt,116_bbox0.jpg,0.0,0
117.jpg,117.txt,117_bbox0.jpg,0.0,0
118.jpg,118.txt,118_bbox0.jpg,0.0,0
119.jpg,119.txt,119_bbox0.jpg,0.0,0
12.jpg,12.txt,12_bbox0.jpg,0.0,0
120.jpg,120.txt,120_bbox0.jpg,0.0,0
121.jpg,121.txt,121_bbox0.jpg,0.0,0
122.jpg,122.txt,122_bbox0.jpg,0.0,0
123.jpg,123.txt,123_bbox0.jpg,0.0,0
124.jpg,124.txt,124_bbox0.jpg,0.0,0
125.jpg,125.txt,125_bbox0.jpg,0.0,0
126.jpg,126.txt,126_bbox0.jpg,0.0,0
127.jpg,127.txt,127_bbox0.jpg,0.0,0
127.jpg,127.txt,127_bbox1.jpg,1.0,1
128.jpg,128.txt,128_bbox0.jpg,0.0,0
129.jpg,129.txt,129_bbox0.jpg,0.0,0
13.jpg,13.txt,13_bbox0.jpg,0.0,0
130.jpg,130.txt,130_bbox0.jpg,0.0,0
131.jpg,131.txt,131_bbox0.jpg,0.0,0
132.jpg,132.txt,132_bbox0.jpg,0.0,0
133.jpg,133.txt,133_bbox0.jpg,0.0,0
134.jpg,134.txt,134_bbox0.jpg,0.0,0
135.jpg,135.txt,135_bbox0.jpg,0.0,0
136.jpg,136.txt,136_bbox0.jpg,0.0,0
137.jpg,137.txt,137_bbox0.jpg,0.0,0
138.jpg,138.txt,138_bbox0.jpg,0.0,0
139.jpg,139.txt,139_bbox0.jpg,0.0,0
14.jpg,14.txt,14_bbox0.jpg,0.0,0
140.jpg,140.txt,140_bbox0.jpg,0.0,0
141.jpg,141.txt,141_bbox0.jpg,0.0,0
142.jpg,142.txt,142_bbox0.jpg,0.0,0
142.jpg,142.txt,142_bbox1.jpg,0.0,1
142.jpg,142.txt,142_bbox2.jpg,1.0,2
143.jpg,143.txt,143_bbox0.jpg,0.0,0
144.jpg,144.txt,144_bbox0.jpg,0.0,0
145.jpg,145.txt,145_bbox0.jpg,0.0,0
146.jpg,146.txt,146_bbox0.jpg,0.0,0
147.jpg,147.txt,147_bbox0.jpg,0.0,0
148.jpg,148.txt,148_bbox0.jpg,0.0,0
149.jpg,149.txt,149_bbox0.jpg,0.0,0
15.jpg,15.txt,15_bbox0.jpg,0.0,0
150.jpg,150.txt,150_bbox0.jpg,0.0,0
150.jpg,150.txt,150_bbox1.jpg,1.0,1
151.jpg,151.txt,151_bbox0.jpg,0.0,0
152.jpg,152.txt,152_bbox0.jpg,0.0,0
153.jpg,153.txt,153_bbox0.jpg,0.0,0
154.jpg,154.txt,154_bbox0.jpg,0.0,0
155.jpg,155.txt,155_bbox0.jpg,0.0,0
156.jpg,156.txt,156_bbox0.jpg,0.0,0
157.jpg,157.txt,157_bbox0.jpg,0.0,0
157.jpg,157.txt,157_bbox1.jpg,1.0,1
158.jpg,158.txt,158_bbox0.jpg,1.0,0
159.jpg,159.txt,159_bbox0.jpg,0.0,0
16.jpg,16.txt,16_bbox0.jpg,0.0,0
160.jpg,160.txt,160_bbox0.jpg,0.0,0
161.jpg,161.txt,161_bbox0.jpg,0.0,0
162.jpg,162.txt,162_bbox0.jpg,0.0,0
163.jpg,163.txt,163_bbox0.jpg,0.0,0
164.jpg,164.txt,164_bbox0.jpg,0.0,0
165.jpg,165.txt,165_bbox0.jpg,0.0,0
166.jpg,166.txt,166_bbox0.jpg,0.0,0
167.jpg,167.txt,167_bbox0.jpg,0.0,0
168.jpg,168.txt,168_bbox0.jpg,0.0,0
168.jpg,168.txt,168_bbox1.jpg,1.0,1
169.jpg,169.txt,169_bbox0.jpg,0.0,0
169.jpg,169.txt,169_bbox1.jpg,0.0,1
17.jpg,17.txt,17_bbox0.jpg,0.0,0
170.jpg,170.txt,170_bbox0.jpg,1.0,0
171.jpg,171.txt,171_bbox0.jpg,1.0,0
172.jpg,172.txt,172_bbox0.jpg,0.0,0
173.jpg,173.txt,173_bbox0.jpg,0.0,0
174.jpg,174.txt,174_bbox0.jpg,0.0,0
175.jpg,175.txt,175_bbox0.jpg,0.0,0
176.jpg,176.txt,176_bbox0.jpg,0.0,0
177.jpg,177.txt,177_bbox0.jpg,0.0,0
178.jpg,178.txt,178_bbox0.jpg,0.0,0
179.jpg,179.txt,179_bbox0.jpg,0.0,0
18.jpg,18.txt,18_bbox0.jpg,0.0,0
180.jpg,180.txt,180_bbox0.jpg,0.0,0
181.jpg,181.txt,181_bbox0.jpg,0.0,0
182.jpg,182.txt,182_bbox0.jpg,0.0,0
183.jpg,183.txt,183_bbox0.jpg,0.0,0
184.jpg,184.txt,184_bbox0.jpg,0.0,0
185.jpg,185.txt,185_bbox0.jpg,0.0,0
186.jpg,186.txt,186_bbox0.jpg,0.0,0
187.jpg,187.txt,187_bbox0.jpg,0.0,0
188.jpg,188.txt,188_bbox0.jpg,1.0,0
189.jpg,189.txt,189_bbox0.jpg,0.0,0
19.jpg,19.txt,19_bbox0.jpg,0.0,0
190.jpg,190.txt,190_bbox0.jpg,0.0,0
190.jpg,190.txt,190_bbox1.jpg,1.0,1
191.jpg,191.txt,191_bbox0.jpg,0.0,0
192.jpg,192.txt,192_bbox0.jpg,0.0,0
193.jpg,193.txt,193_bbox0.jpg,0.0,0
194.jpg,194.txt,194_bbox0.jpg,0.0,0
195.jpg,195.txt,195_bbox0.jpg,0.0,0
196.jpg,196.txt,196_bbox0.jpg,0.0,0
197.jpg,197.txt,197_bbox0.jpg,0.0,0
198.jpg,198.txt,198_bbox0.jpg,0.0,0
199.jpg,199.txt,199_bbox0.jpg,0.0,0
199.jpg,199.txt,199_bbox1.jpg,1.0,1
2.jpg,2.txt,2_bbox0.jpg,0.0,0
20.jpg,20.txt,20_bbox0.jpg,0.0,0
200.jpg,200.txt,200_bbox0.jpg,0.0,0
201.jpg,201.txt,201_bbox0.jpg,0.0,0
202.jpg,202.txt,202_bbox0.jpg,0.0,0
203.jpg,203.txt,203_bbox0.jpg,0.0,0
204.jpg,204.txt,204_bbox0.jpg,0.0,0
205.jpg,205.txt,205_bbox0.jpg,0.0,0
205.jpg,205.txt,205_bbox1.jpg,1.0,1
206.jpg,206.txt,206_bbox0.jpg,0.0,0
207.jpg,207.txt,207_bbox0.jpg,1.0,0
207.jpg,207.txt,207_bbox1.jpg,0.0,1
208.jpg,208.txt,208_bbox0.jpg,0.0,0
209.jpg,209.txt,209_bbox0.jpg,0.0,0
21.jpg,21.txt,21_bbox0.jpg,1.0,0
210.jpg,210.txt,210_bbox0.jpg,0.0,0
211.jpg,211.txt,211_bbox0.jpg,0.0,0
212.jpg,212.txt,212_bbox0.jpg,0.0,0
213.jpg,213.txt,213_bbox0.jpg,0.0,0
214.jpg,214.txt,214_bbox0.jpg,1.0,0
215.jpg,215.txt,215_bbox0.jpg,0.0,0
216.jpg,216.txt,216_bbox0.jpg,0.0,0
217.jpg,217.txt,217_bbox0.jpg,0.0,0
218.jpg,218.txt,218_bbox0.jpg,1.0,0
219.jpg,219.txt,219_bbox0.jpg,0.0,0
219.jpg,219.txt,219_bbox1.jpg,1.0,1
22.jpg,22.txt,22_bbox0.jpg,1.0,0
220.jpg,220.txt,220_bbox0.jpg,1.0,0
221.jpg,221.txt,221_bbox0.jpg,0.0,0
222.jpg,222.txt,222_bbox0.jpg,0.0,0
223.jpg,223.txt,223_bbox0.jpg,0.0,0
224.jpg,224.txt,224_bbox0.jpg,0.0,0
225.jpg,225.txt,225_bbox0.jpg,1.0,0
225.jpg,225.txt,225_bbox1.jpg,0.0,1
226.jpg,226.txt,226_bbox0.jpg,1.0,0
227.jpg,227.txt,227_bbox0.jpg,0.0,0
228.jpg,228.txt,228_bbox0.jpg,1.0,0
228.jpg,228.txt,228_bbox1.jpg,0.0,1
229.jpg,229.txt,229_bbox0.jpg,0.0,0
23.jpg,23.txt,23_bbox0.jpg,0.0,0
23.jpg,23.txt,23_bbox1.jpg,1.0,1
230.jpg,230.txt,230_bbox0.jpg,0.0,0
231.jpg,231.txt,231_bbox0.jpg,0.0,0
232.jpg,232.txt,232_bbox0.jpg,0.0,0
233.jpg,233.txt,233_bbox0.jpg,0.0,0
234.jpg,234.txt,234_bbox0.jpg,0.0,0
235.jpg,235.txt,235_bbox0.jpg,0.0,0
236.jpg,236.txt,236_bbox0.jpg,0.0,0
237.jpg,237.txt,237_bbox0.jpg,0.0,0
238.jpg,238.txt,238_bbox0.jpg,0.0,0
239.jpg,239.txt,239_bbox0.jpg,0.0,0
24.jpg,24.txt,24_bbox0.jpg,1.0,0
240.jpg,240.txt,240_bbox0.jpg,0.0,0
241.jpg,241.txt,241_bbox0.jpg,0.0,0
242.jpg,242.txt,242_bbox0.jpg,0.0,0
243.jpg,243.txt,243_bbox0.jpg,0.0,0
243.jpg,243.txt,243_bbox1.jpg,1.0,1
244.jpg,244.txt,244_bbox0.jpg,0.0,0
245.jpg,245.txt,245_bbox0.jpg,1.0,0
246.jpg,246.txt,246_bbox0.jpg,0.0,0
247.jpg,247.txt,247_bbox0.jpg,0.0,0
248.jpg,248.txt,248_bbox0.jpg,1.0,0
249.jpg,249.txt,249_bbox0.jpg,0.0,0
25.jpg,25.txt,25_bbox0.jpg,0.0,0
250.jpg,250.txt,250_bbox0.jpg,0.0,0
250.jpg,250.txt,250_bbox1.jpg,0.0,1
251.jpg,251.txt,251_bbox0.jpg,0.0,0
252.jpg,252.txt,252_bbox0.jpg,0.0,0
253.jpg,253.txt,253_bbox0.jpg,0.0,0
253.jpg,253.txt,253_bbox1.jpg,1.0,1
254.jpg,254.txt,254_bbox0.jpg,0.0,0
254.jpg,254.txt,254_bbox1.jpg,0.0,1
255.jpg,255.txt,255_bbox0.jpg,0.0,0
256.jpg,256.txt,256_bbox0.jpg,0.0,0
256.jpg,256.txt,256_bbox1.jpg,1.0,1
257.jpg,257.txt,257_bbox0.jpg,0.0,0
258.jpg,258.txt,258_bbox0.jpg,0.0,0
258.jpg,258.txt,258_bbox1.jpg,1.0,1
259.jpg,259.txt,259_bbox0.jpg,0.0,0
26.jpg,26.txt,26_bbox0.jpg,0.0,0
260.jpg,260.txt,260_bbox0.jpg,0.0,0
260.jpg,260.txt,260_bbox1.jpg,1.0,1
261.jpg,261.txt,261_bbox0.jpg,0.0,0
261.jpg,261.txt,261_bbox1.jpg,1.0,1
262.jpg,262.txt,262_bbox0.jpg,0.0,0
263.jpg,263.txt,263_bbox0.jpg,0.0,0
264.jpg,264.txt,264_bbox0.jpg,1.0,0
265.jpg,265.txt,265_bbox0.jpg,0.0,0
266.jpg,266.txt,266_bbox0.jpg,0.0,0
267.jpg,267.txt,267_bbox0.jpg,0.0,0
268.jpg,268.txt,268_bbox0.jpg,0.0,0
269.jpg,269.txt,269_bbox0.jpg,0.0,0
27.jpg,27.txt,27_bbox0.jpg,0.0,0
27.jpg,27.txt,27_bbox1.jpg,1.0,1
270.jpg,270.txt,270_bbox0.jpg,0.0,0
271.jpg,271.txt,271_bbox0.jpg,0.0,0
272.jpg,272.txt,272_bbox0.jpg,1.0,0
272.jpg,272.txt,272_bbox1.jpg,0.0,1
273.jpg,273.txt,273_bbox0.jpg,0.0,0
274.jpg,274.txt,274_bbox0.jpg,0.0,0
275.jpg,275.txt,275_bbox0.jpg,0.0,0
276.jpg,276.txt,276_bbox0.jpg,0.0,0
277.jpg,277.txt,277_bbox0.jpg,0.0,0
278.jpg,278.txt,278_bbox0.jpg,0.0,0
279.jpg,279.txt,279_bbox0.jpg,0.0,0
28.jpg,28.txt,28_bbox0.jpg,0.0,0
280.jpg,280.txt,280_bbox0.jpg,0.0,0
280.jpg,280.txt,280_bbox1.jpg,1.0,1
281.jpg,281.txt,281_bbox0.jpg,0.0,0
282.jpg,282.txt,282_bbox0.jpg,0.0,0
283.jpg,283.txt,283_bbox0.jpg,0.0,0
284.jpg,284.txt,284_bbox0.jpg,0.0,0
285.jpg,285.txt,285_bbox0.jpg,0.0,0
286.jpg,286.txt,286_bbox0.jpg,0.0,0
286.jpg,286.txt,286_bbox1.jpg,1.0,1
287.jpg,287.txt,287_bbox0.jpg,0.0,0
288.jpg,288.txt,288_bbox0.jpg,0.0,0
289.jpg,289.txt,289_bbox0.jpg,0.0,0
289.jpg,289.txt,289_bbox1.jpg,0.0,1
29.jpg,29.txt,29_bbox0.jpg,0.0,0
290.jpg,290.txt,290_bbox0.jpg,0.0,0
291.jpg,291.txt,291_bbox0.jpg,0.0,0
292.jpg,292.txt,292_bbox0.jpg,0.0,0
293.jpg,293.txt,293_bbox0.jpg,0.0,0
294.jpg,294.txt,294_bbox0.jpg,0.0,0
294.jpg,294.txt,294_bbox1.jpg,0.0,1
295.jpg,295.txt,295_bbox0.jpg,0.0,0
296.jpg,296.txt,296_bbox0.jpg,0.0,0
297.jpg,297.txt,297_bbox0.jpg,0.0,0
298.jpg,298.txt,298_bbox0.jpg,0.0,0
298.jpg,298.txt,298_bbox1.jpg,1.0,1
299.jpg,299.txt,299_bbox0.jpg,0.0,0
3.jpg,3.txt,3_bbox0.jpg,0.0,0
30.jpg,30.txt,30_bbox0.jpg,0.0,0
300.jpg,300.txt,300_bbox0.jpg,0.0,0
301.jpg,301.txt,301_bbox0.jpg,0.0,0
302.jpg,302.txt,302_bbox0.jpg,0.0,0
302.jpg,302.txt,302_bbox1.jpg,1.0,1
303.jpg,303.txt,303_bbox0.jpg,0.0,0
304.jpg,304.txt,304_bbox0.jpg,1.0,0
305.jpg,305.txt,305_bbox0.jpg,0.0,0
305.jpg,305.txt,305_bbox1.jpg,1.0,1
306.jpg,306.txt,306_bbox0.jpg,1.0,0
306.jpg,306.txt,306_bbox1.jpg,0.0,1
307.jpg,307.txt,307_bbox0.jpg,0.0,0
308.jpg,308.txt,308_bbox0.jpg,0.0,0
309.jpg,309.txt,309_bbox0.jpg,0.0,0
31.jpg,31.txt,31_bbox0.jpg,0.0,0
310.jpg,310.txt,310_bbox0.jpg,0.0,0
311.jpg,311.txt,311_bbox0.jpg,0.0,0
312.jpg,312.txt,312_bbox0.jpg,0.0,0
312.jpg,312.txt,312_bbox1.jpg,1.0,1
313.jpg,313.txt,313_bbox0.jpg,0.0,0
314.jpg,314.txt,314_bbox0.jpg,0.0,0
315.jpg,315.txt,315_bbox0.jpg,0.0,0
316.jpg,316.txt,316_bbox0.jpg,0.0,0
317.jpg,317.txt,317_bbox0.jpg,0.0,0
318.jpg,318.txt,318_bbox0.jpg,1.0,0
319.jpg,319.txt,319_bbox0.jpg,0.0,0
32.jpg,32.txt,32_bbox0.jpg,0.0,0
320.jpg,320.txt,320_bbox0.jpg,0.0,0
321.jpg,321.txt,321_bbox0.jpg,0.0,0
322.jpg,322.txt,322_bbox0.jpg,0.0,0
323.jpg,323.txt,323_bbox0.jpg,0.0,0
324.jpg,324.txt,324_bbox0.jpg,0.0,0
325.jpg,325.txt,325_bbox0.jpg,0.0,0
326.jpg,326.txt,326_bbox0.jpg,0.0,0
327.jpg,327.txt,327_bbox0.jpg,0.0,0
328.jpg,328.txt,328_bbox0.jpg,0.0,0
329.jpg,329.txt,329_bbox0.jpg,0.0,0
33.jpg,33.txt,33_bbox0.jpg,0.0,0
330.jpg,330.txt,330_bbox0.jpg,0.0,0
331.jpg,331.txt,331_bbox0.jpg,0.0,0
332.jpg,332.txt,332_bbox0.jpg,0.0,0
333.jpg,333.txt,333_bbox0.jpg,0.0,0
334.jpg,334.txt,334_bbox0.jpg,0.0,0
335.jpg,335.txt,335_bbox0.jpg,0.0,0
335.jpg,335.txt,335_bbox1.jpg,0.0,1
336.jpg,336.txt,336_bbox0.jpg,0.0,0
337.jpg,337.txt,337_bbox0.jpg,0.0,0
338.jpg,338.txt,338_bbox0.jpg,0.0,0
339.jpg,339.txt,339_bbox0.jpg,0.0,0
34.jpg,34.txt,34_bbox0.jpg,0.0,0
340.jpg,340.txt,340_bbox0.jpg,0.0,0
341.jpg,341.txt,341_bbox0.jpg,0.0,0
342.jpg,342.txt,342_bbox0.jpg,0.0,0
342.jpg,342.txt,342_bbox1.jpg,0.0,1
343.jpg,343.txt,343_bbox0.jpg,0.0,0
344.jpg,344.txt,344_bbox0.jpg,0.0,0
345.jpg,345.txt,345_bbox0.jpg,0.0,0
346.jpg,346.txt,346_bbox0.jpg,0.0,0
347.jpg,347.txt,347_bbox0.jpg,0.0,0
348.jpg,348.txt,348_bbox0.jpg,0.0,0
349.jpg,349.txt,349_bbox0.jpg,0.0,0
35.jpg,35.txt,35_bbox0.jpg,0.0,0
350.jpg,350.txt,350_bbox0.jpg,0.0,0
351.jpg,351.txt,351_bbox0.jpg,1.0,0
352.jpg,352.txt,352_bbox0.jpg,0.0,0
353.jpg,353.txt,353_bbox0.jpg,0.0,0
354.jpg,354.txt,354_bbox0.jpg,0.0,0
355.jpg,355.txt,355_bbox0.jpg,0.0,0
356.jpg,356.txt,356_bbox0.jpg,0.0,0
357.jpg,357.txt,357_bbox0.jpg,0.0,0
358.jpg,358.txt,358_bbox0.jpg,0.0,0
359.jpg,359.txt,359_bbox0.jpg,0.0,0
36.jpg,36.txt,36_bbox0.jpg,0.0,0
36.jpg,36.txt,36_bbox1.jpg,1.0,1
360.jpg,360.txt,360_bbox0.jpg,0.0,0
361.jpg,361.txt,361_bbox0.jpg,0.0,0
362.jpg,362.txt,362_bbox0.jpg,0.0,0
363.jpg,363.txt,363_bbox0.jpg,0.0,0
364.jpg,364.txt,364_bbox0.jpg,0.0,0
365.jpg,365.txt,365_bbox0.jpg,0.0,0
365.jpg,365.txt,365_bbox1.jpg,1.0,1
366.jpg,366.txt,366_bbox0.jpg,0.0,0
367.jpg,367.txt,367_bbox0.jpg,0.0,0
368.jpg,368.txt,368_bbox0.jpg,0.0,0
369.jpg,369.txt,369_bbox0.jpg,0.0,0
37.jpg,37.txt,37_bbox0.jpg,0.0,0
370.jpg,370.txt,370_bbox0.jpg,0.0,0
371.jpg,371.txt,371_bbox0.jpg,0.0,0
371.jpg,371.txt,371_bbox1.jpg,1.0,1
372.jpg,372.txt,372_bbox0.jpg,0.0,0
372.jpg,372.txt,372_bbox1.jpg,1.0,1
373.jpg,373.txt,373_bbox0.jpg,0.0,0
374.jpg,374.txt,374_bbox0.jpg,1.0,0
375.jpg,375.txt,375_bbox0.jpg,0.0,0
376.jpg,376.txt,376_bbox0.jpg,0.0,0
377.jpg,377.txt,377_bbox0.jpg,1.0,0
377.jpg,377.txt,377_bbox1.jpg,0.0,1
378.jpg,378.txt,378_bbox0.jpg,0.0,0
379.jpg,379.txt,379_bbox0.jpg,0.0,0
379.jpg,379.txt,379_bbox1.jpg,1.0,1
38.jpg,38.txt,38_bbox0.jpg,0.0,0
380.jpg,380.txt,380_bbox0.jpg,0.0,0
381.jpg,381.txt,381_bbox0.jpg,0.0,0
382.jpg,382.txt,382_bbox0.jpg,0.0,0
383.jpg,383.txt,383_bbox0.jpg,0.0,0
384.jpg,384.txt,384_bbox0.jpg,0.0,0
385.jpg,385.txt,385_bbox0.jpg,0.0,0
386.jpg,386.txt,386_bbox0.jpg,0.0,0
386.jpg,386.txt,386_bbox1.jpg,0.0,1
387.jpg,387.txt,387_bbox0.jpg,0.0,0
388.jpg,388.txt,388_bbox0.jpg,0.0,0
389.jpg,389.txt,389_bbox0.jpg,1.0,0
39.jpg,39.txt,39_bbox0.jpg,0.0,0
39.jpg,39.txt,39_bbox1.jpg,1.0,1
390.jpg,390.txt,390_bbox0.jpg,0.0,0
391.jpg,391.txt,391_bbox0.jpg,0.0,0
392.jpg,392.txt,392_bbox0.jpg,0.0,0
393.jpg,393.txt,393_bbox0.jpg,0.0,0
394.jpg,394.txt,394_bbox0.jpg,0.0,0
394.jpg,394.txt,394_bbox1.jpg,1.0,1
395.jpg,395.txt,395_bbox0.jpg,0.0,0
396.jpg,396.txt,396_bbox0.jpg,0.0,0
396.jpg,396.txt,396_bbox1.jpg,1.0,1
397.jpg,397.txt,397_bbox0.jpg,0.0,0
398.jpg,398.txt,398_bbox0.jpg,0.0,0
399.jpg,399.txt,399_bbox0.jpg,0.0,0
4.jpg,4.txt,4_bbox0.jpg,0.0,0
40.jpg,40.txt,40_bbox0.jpg,0.0,0
400.jpg,400.txt,400_bbox0.jpg,0.0,0
401.jpg,401.txt,401_bbox0.jpg,0.0,0
401.jpg,401.txt,401_bbox1.jpg,1.0,1
402.jpg,402.txt,402_bbox0.jpg,0.0,0
403.jpg,403.txt,403_bbox0.jpg,0.0,0
403.jpg,403.txt,403_bbox1.jpg,1.0,1
404.jpg,404.txt,404_bbox0.jpg,0.0,0
405.jpg,405.txt,405_bbox0.jpg,1.0,0
405.jpg,405.txt,405_bbox1.jpg,0.0,1
406.jpg,406.txt,406_bbox0.jpg,0.0,0
407.jpg,407.txt,407_bbox0.jpg,0.0,0
407.jpg,407.txt,407_bbox1.jpg,1.0,1
408.jpg,408.txt,408_bbox0.jpg,0.0,0
409.jpg,409.txt,409_bbox0.jpg,0.0,0
41.jpg,41.txt,41_bbox0.jpg,0.0,0
410.jpg,410.txt,410_bbox0.jpg,0.0,0
411.jpg,411.txt,411_bbox0.jpg,0.0,0
412.jpg,412.txt,412_bbox0.jpg,0.0,0
413.jpg,413.txt,413_bbox0.jpg,0.0,0
413.jpg,413.txt,413_bbox1.jpg,1.0,1
414.jpg,414.txt,414_bbox0.jpg,0.0,0
415.jpg,415.txt,415_bbox0.jpg,0.0,0
416.jpg,416.txt,416_bbox0.jpg,0.0,0
417.jpg,417.txt,417_bbox0.jpg,0.0,0
418.jpg,418.txt,418_bbox0.jpg,0.0,0
419.jpg,419.txt,419_bbox0.jpg,0.0,0
419.jpg,419.txt,419_bbox1.jpg,1.0,1
42.jpg,42.txt,42_bbox0.jpg,0.0,0
420.jpg,420.txt,420_bbox0.jpg,0.0,0
421.jpg,421.txt,421_bbox0.jpg,0.0,0
422.jpg,422.txt,422_bbox0.jpg,0.0,0
423.jpg,423.txt,423_bbox0.jpg,0.0,0
424.jpg,424.txt,424_bbox0.jpg,0.0,0
425.jpg,425.txt,425_bbox0.jpg,0.0,0
426.jpg,426.txt,426_bbox0.jpg,0.0,0
426.jpg,426.txt,426_bbox1.jpg,0.0,1
427.jpg,427.txt,427_bbox0.jpg,0.0,0
428.jpg,428.txt,428_bbox0.jpg,0.0,0
429.jpg,429.txt,429_bbox0.jpg,0.0,0
43.jpg,43.txt,43_bbox0.jpg,0.0,0
430.jpg,430.txt,430_bbox0.jpg,0.0,0
431.jpg,431.txt,431_bbox0.jpg,0.0,0
432.jpg,432.txt,432_bbox0.jpg,0.0,0
433.jpg,433.txt,433_bbox0.jpg,0.0,0
433.jpg,433.txt,433_bbox1.jpg,0.0,1
434.jpg,434.txt,434_bbox0.jpg,0.0,0
435.jpg,435.txt,435_bbox0.jpg,0.0,0
435.jpg,435.txt,435_bbox1.jpg,1.0,1
436.jpg,436.txt,436_bbox0.jpg,0.0,0
437.jpg,437.txt,437_bbox0.jpg,0.0,0
438.jpg,438.txt,438_bbox0.jpg,0.0,0
439.jpg,439.txt,439_bbox0.jpg,0.0,0
44.jpg,44.txt,44_bbox0.jpg,0.0,0
440.jpg,440.txt,440_bbox0.jpg,0.0,0
441.jpg,441.txt,441_bbox0.jpg,0.0,0
441.jpg,441.txt,441_bbox1.jpg,1.0,1
442.jpg,442.txt,442_bbox0.jpg,0.0,0
443.jpg,443.txt,443_bbox0.jpg,0.0,0
444.jpg,444.txt,444_bbox0.jpg,0.0,0
444.jpg,444.txt,444_bbox1.jpg,1.0,1
445.jpg,445.txt,445_bbox0.jpg,0.0,0
446.jpg,446.txt,446_bbox0.jpg,0.0,0
447.jpg,447.txt,447_bbox0.jpg,0.0,0
448.jpg,448.txt,448_bbox0.jpg,0.0,0
449.jpg,449.txt,449_bbox0.jpg,0.0,0
45.jpg,45.txt,45_bbox0.jpg,0.0,0
45.jpg,45.txt,45_bbox1.jpg,1.0,1
450.jpg,450.txt,450_bbox0.jpg,0.0,0
451.jpg,451.txt,451_bbox0.jpg,0.0,0
452.jpg,452.txt,452_bbox0.jpg,0.0,0
453.jpg,453.txt,453_bbox0.jpg,0.0,0
454.jpg,454.txt,454_bbox0.jpg,0.0,0
454.jpg,454.txt,454_bbox1.jpg,1.0,1
454.jpg,454.txt,454_bbox2.jpg,1.0,2
455.jpg,455.txt,455_bbox0.jpg,0.0,0
456.jpg,456.txt,456_bbox0.jpg,0.0,0
457.jpg,457.txt,457_bbox0.jpg,0.0,0
458.jpg,458.txt,458_bbox0.jpg,0.0,0
459.jpg,459.txt,459_bbox0.jpg,0.0,0
46.jpg,46.txt,46_bbox0.jpg,0.0,0
460.jpg,460.txt,460_bbox0.jpg,0.0,0
461.jpg,461.txt,461_bbox0.jpg,0.0,0
462.jpg,462.txt,462_bbox0.jpg,0.0,0
463.jpg,463.txt,463_bbox0.jpg,0.0,0
464.jpg,464.txt,464_bbox0.jpg,0.0,0
465.jpg,465.txt,465_bbox0.jpg,0.0,0
466.jpg,466.txt,466_bbox0.jpg,0.0,0
466.jpg,466.txt,466_bbox1.jpg,0.0,1
466.jpg,466.txt,466_bbox2.jpg,1.0,2
467.jpg,467.txt,467_bbox0.jpg,0.0,0
468.jpg,468.txt,468_bbox0.jpg,0.0,0
469.jpg,469.txt,469_bbox0.jpg,0.0,0
47.jpg,47.txt,47_bbox0.jpg,1.0,0
470.jpg,470.txt,470_bbox0.jpg,0.0,0
471.jpg,471.txt,471_bbox0.jpg,0.0,0
472.jpg,472.txt,472_bbox0.jpg,0.0,0
473.jpg,473.txt,473_bbox0.jpg,0.0,0
474.jpg,474.txt,474_bbox0.jpg,0.0,0
475.jpg,475.txt,475_bbox0.jpg,0.0,0
476.jpg,476.txt,476_bbox0.jpg,0.0,0
477.jpg,477.txt,477_bbox0.jpg,0.0,0
478.jpg,478.txt,478_bbox0.jpg,0.0,0
479.jpg,479.txt,479_bbox0.jpg,0.0,0
48.jpg,48.txt,48_bbox0.jpg,0.0,0
48.jpg,48.txt,48_bbox1.jpg,0.0,1
480.jpg,480.txt,480_bbox0.jpg,0.0,0
481.jpg,481.txt,481_bbox0.jpg,0.0,0
482.jpg,482.txt,482_bbox0.jpg,0.0,0
483.jpg,483.txt,483_bbox0.jpg,0.0,0
484.jpg,484.txt,484_bbox0.jpg,0.0,0
485.jpg,485.txt,485_bbox0.jpg,0.0,0
486.jpg,486.txt,486_bbox0.jpg,0.0,0
487.jpg,487.txt,487_bbox0.jpg,1.0,0
488.jpg,488.txt,488_bbox0.jpg,0.0,0
489.jpg,489.txt,489_bbox0.jpg,0.0,0
49.jpg,49.txt,49_bbox0.jpg,0.0,0
490.jpg,490.txt,490_bbox0.jpg,0.0,0
491.jpg,491.txt,491_bbox0.jpg,0.0,0
491.jpg,491.txt,491_bbox1.jpg,0.0,1
492.jpg,492.txt,492_bbox0.jpg,0.0,0
493.jpg,493.txt,493_bbox0.jpg,0.0,0
494.jpg,494.txt,494_bbox0.jpg,0.0,0
495.jpg,495.txt,495_bbox0.jpg,0.0,0
496.jpg,496.txt,496_bbox0.jpg,0.0,0
496.jpg,496.txt,496_bbox1.jpg,0.0,1
496.jpg,496.txt,496_bbox2.jpg,1.0,2
497.jpg,497.txt,497_bbox0.jpg,0.0,0
498.jpg,498.txt,498_bbox0.jpg,0.0,0
498.jpg,498.txt,498_bbox1.jpg,0.0,1
499.jpg,499.txt,499_bbox0.jpg,0.0,0
5.jpg,5.txt,5_bbox0.jpg,0.0,0
50.jpg,50.txt,50_bbox0.jpg,0.0,0
500.jpg,500.txt,500_bbox0.jpg,0.0,0
501.jpg,501.txt,501_bbox0.jpg,0.0,0
502.jpg,502.txt,502_bbox0.jpg,0.0,0
503.jpg,503.txt,503_bbox0.jpg,0.0,0
504.jpg,504.txt,504_bbox0.jpg,0.0,0
505.jpg,505.txt,505_bbox0.jpg,0.0,0
506.jpg,506.txt,506_bbox0.jpg,0.0,0
507.jpg,507.txt,507_bbox0.jpg,0.0,0
508.jpg,508.txt,508_bbox0.jpg,0.0,0
509.jpg,509.txt,509_bbox0.jpg,0.0,0
51.jpg,51.txt,51_bbox0.jpg,0.0,0
51.jpg,51.txt,51_bbox1.jpg,1.0,1
510.jpg,510.txt,510_bbox0.jpg,0.0,0
511.jpg,511.txt,511_bbox0.jpg,0.0,0
512.jpg,512.txt,512_bbox0.jpg,0.0,0
513.jpg,513.txt,513_bbox0.jpg,0.0,0
514.jpg,514.txt,514_bbox0.jpg,0.0,0
515.jpg,515.txt,515_bbox0.jpg,0.0,0
516.jpg,516.txt,516_bbox0.jpg,0.0,0
517.jpg,517.txt,517_bbox0.jpg,0.0,0
518.jpg,518.txt,518_bbox0.jpg,0.0,0
519.jpg,519.txt,519_bbox0.jpg,0.0,0
52.jpg,52.txt,52_bbox0.jpg,0.0,0
520.jpg,520.txt,520_bbox0.jpg,0.0,0
521.jpg,521.txt,521_bbox0.jpg,0.0,0
522.jpg,522.txt,522_bbox0.jpg,1.0,0
523.jpg,523.txt,523_bbox0.jpg,0.0,0
524.jpg,524.txt,524_bbox0.jpg,0.0,0
525.jpg,525.txt,525_bbox0.jpg,0.0,0
526.jpg,526.txt,526_bbox0.jpg,0.0,0
527.jpg,527.txt,527_bbox0.jpg,0.0,0
528.jpg,528.txt,528_bbox0.jpg,0.0,0
529.jpg,529.txt,529_bbox0.jpg,0.0,0
53.jpg,53.txt,53_bbox0.jpg,1.0,0
530.jpg,530.txt,530_bbox0.jpg,0.0,0
531.jpg,531.txt,531_bbox0.jpg,0.0,0
532.jpg,532.txt,532_bbox0.jpg,0.0,0
533.jpg,533.txt,533_bbox0.jpg,0.0,0
534.jpg,534.txt,534_bbox0.jpg,0.0,0
535.jpg,535.txt,535_bbox0.jpg,0.0,0
536.jpg,536.txt,536_bbox0.jpg,0.0,0
537.jpg,537.txt,537_bbox0.jpg,0.0,0
538.jpg,538.txt,538_bbox0.jpg,0.0,0
539.jpg,539.txt,539_bbox0.jpg,0.0,0
54.jpg,54.txt,54_bbox0.jpg,0.0,0
540.jpg,540.txt,540_bbox0.jpg,0.0,0
540.jpg,540.txt,540_bbox1.jpg,0.0,1
541.jpg,541.txt,541_bbox0.jpg,0.0,0
542.jpg,542.txt,542_bbox0.jpg,0.0,0
543.jpg,543.txt,543_bbox0.jpg,0.0,0
544.jpg,544.txt,544_bbox0.jpg,0.0,0
545.jpg,545.txt,545_bbox0.jpg,0.0,0
546.jpg,546.txt,546_bbox0.jpg,0.0,0
547.jpg,547.txt,547_bbox0.jpg,0.0,0
548.jpg,548.txt,548_bbox0.jpg,0.0,0
549.jpg,549.txt,549_bbox0.jpg,0.0,0
55.jpg,55.txt,55_bbox0.jpg,0.0,0
550.jpg,550.txt,550_bbox0.jpg,0.0,0
550.jpg,550.txt,550_bbox1.jpg,1.0,1
550.jpg,550.txt,550_bbox2.jpg,0.0,2
551.jpg,551.txt,551_bbox0.jpg,0.0,0
552.jpg,552.txt,552_bbox0.jpg,0.0,0
553.jpg,553.txt,553_bbox0.jpg,0.0,0
554.jpg,554.txt,554_bbox0.jpg,0.0,0
555.jpg,555.txt,555_bbox0.jpg,0.0,0
556.jpg,556.txt,556_bbox0.jpg,0.0,0
556.jpg,556.txt,556_bbox1.jpg,0.0,1
556.jpg,556.txt,556_bbox2.jpg,1.0,2
557.jpg,557.txt,557_bbox0.jpg,0.0,0
557.jpg,557.txt,557_bbox1.jpg,0.0,1
558.jpg,558.txt,558_bbox0.jpg,0.0,0
559.jpg,559.txt,559_bbox0.jpg,0.0,0
56.jpg,56.txt,56_bbox0.jpg,0.0,0
560.jpg,560.txt,560_bbox0.jpg,0.0,0
561.jpg,561.txt,561_bbox0.jpg,0.0,0
562.jpg,562.txt,562_bbox0.jpg,0.0,0
563.jpg,563.txt,563_bbox0.jpg,0.0,0
564.jpg,564.txt,564_bbox0.jpg,0.0,0
565.jpg,565.txt,565_bbox0.jpg,0.0,0
566.jpg,566.txt,566_bbox0.jpg,0.0,0
567.jpg,567.txt,567_bbox0.jpg,0.0,0
568.jpg,568.txt,568_bbox0.jpg,0.0,0
569.jpg,569.txt,569_bbox0.jpg,0.0,0
57.jpg,57.txt,57_bbox0.jpg,0.0,0
570.jpg,570.txt,570_bbox0.jpg,0.0,0
570.jpg,570.txt,570_bbox1.jpg,1.0,1
571.jpg,571.txt,571_bbox0.jpg,0.0,0
572.jpg,572.txt,572_bbox0.jpg,0.0,0
572.jpg,572.txt,572_bbox1.jpg,0.0,1
572.jpg,572.txt,572_bbox2.jpg,1.0,2
573.jpg,573.txt,573_bbox0.jpg,0.0,0
574.jpg,574.txt,574_bbox0.jpg,0.0,0
575.jpg,575.txt,575_bbox0.jpg,0.0,0
576.jpg,576.txt,576_bbox0.jpg,0.0,0
577.jpg,577.txt,577_bbox0.jpg,0.0,0
578.jpg,578.txt,578_bbox0.jpg,0.0,0
579.jpg,579.txt,579_bbox0.jpg,0.0,0
58.jpg,58.txt,58_bbox0.jpg,0.0,0
580.jpg,580.txt,580_bbox0.jpg,0.0,0
581.jpg,581.txt,581_bbox0.jpg,0.0,0
582.jpg,582.txt,582_bbox0.jpg,0.0,0
583.jpg,583.txt,583_bbox0.jpg,0.0,0
584.jpg,584.txt,584_bbox0.jpg,0.0,0
585.jpg,585.txt,585_bbox0.jpg,0.0,0
586.jpg,586.txt,586_bbox0.jpg,0.0,0
587.jpg,587.txt,587_bbox0.jpg,0.0,0
588.jpg,588.txt,588_bbox0.jpg,0.0,0
589.jpg,589.txt,589_bbox0.jpg,0.0,0
59.jpg,59.txt,59_bbox0.jpg,0.0,0
590.jpg,590.txt,590_bbox0.jpg,0.0,0
591.jpg,591.txt,591_bbox0.jpg,0.0,0
592.jpg,592.txt,592_bbox0.jpg,0.0,0
593.jpg,593.txt,593_bbox0.jpg,0.0,0
594.jpg,594.txt,594_bbox0.jpg,0.0,0
595.jpg,595.txt,595_bbox0.jpg,0.0,0
596.jpg,596.txt,596_bbox0.jpg,0.0,0
597.jpg,597.txt,597_bbox0.jpg,0.0,0
598.jpg,598.txt,598_bbox0.jpg,0.0,0
599.jpg,599.txt,599_bbox0.jpg,0.0,0
6.jpg,6.txt,6_bbox0.jpg,0.0,0
60.jpg,60.txt,60_bbox0.jpg,0.0,0
600.jpg,600.txt,600_bbox0.jpg,0.0,0
601.jpg,601.txt,601_bbox0.jpg,0.0,0
602.jpg,602.txt,602_bbox0.jpg,0.0,0
603.jpg,603.txt,603_bbox0.jpg,0.0,0
603.jpg,603.txt,603_bbox1.jpg,1.0,1
604.jpg,604.txt,604_bbox0.jpg,0.0,0
605.jpg,605.txt,605_bbox0.jpg,0.0,0
606.jpg,606.txt,606_bbox0.jpg,0.0,0
607.jpg,607.txt,607_bbox0.jpg,0.0,0
608.jpg,608.txt,608_bbox0.jpg,0.0,0
609.jpg,609.txt,609_bbox0.jpg,0.0,0
61.jpg,61.txt,61_bbox0.jpg,0.0,0
610.jpg,610.txt,610_bbox0.jpg,0.0,0
610.jpg,610.txt,610_bbox1.jpg,0.0,1
611.jpg,611.txt,611_bbox0.jpg,0.0,0
612.jpg,612.txt,612_bbox0.jpg,0.0,0
613.jpg,613.txt,613_bbox0.jpg,0.0,0
614.jpg,614.txt,614_bbox0.jpg,0.0,0
615.jpg,615.txt,615_bbox0.jpg,0.0,0
616.jpg,616.txt,616_bbox0.jpg,0.0,0
617.jpg,617.txt,617_bbox0.jpg,0.0,0
617.jpg,617.txt,617_bbox1.jpg,0.0,1
618.jpg,618.txt,618_bbox0.jpg,0.0,0
619.jpg,619.txt,619_bbox0.jpg,0.0,0
62.jpg,62.txt,62_bbox0.jpg,0.0,0
620.jpg,620.txt,620_bbox0.jpg,0.0,0
621.jpg,621.txt,621_bbox0.jpg,0.0,0
621.jpg,621.txt,621_bbox1.jpg,0.0,1
622.jpg,622.txt,622_bbox0.jpg,0.0,0
623.jpg,623.txt,623_bbox0.jpg,0.0,0
624.jpg,624.txt,624_bbox0.jpg,0.0,0
625.jpg,625.txt,625_bbox0.jpg,0.0,0
626.jpg,626.txt,626_bbox0.jpg,0.0,0
627.jpg,627.txt,627_bbox0.jpg,0.0,0
628.jpg,628.txt,628_bbox0.jpg,0.0,0
629.jpg,629.txt,629_bbox0.jpg,0.0,0
629.jpg,629.txt,629_bbox1.jpg,0.0,1
63.jpg,63.txt,63_bbox0.jpg,0.0,0
630.jpg,630.txt,630_bbox0.jpg,0.0,0
631.jpg,631.txt,631_bbox0.jpg,0.0,0
632.jpg,632.txt,632_bbox0.jpg,0.0,0
633.jpg,633.txt,633_bbox0.jpg,0.0,0
634.jpg,634.txt,634_bbox0.jpg,0.0,0
635.jpg,635.txt,635_bbox0.jpg,0.0,0
636.jpg,636.txt,636_bbox0.jpg,0.0,0
637.jpg,637.txt,637_bbox0.jpg,0.0,0
637.jpg,637.txt,637_bbox1.jpg,1.0,1
638.jpg,638.txt,638_bbox0.jpg,0.0,0
639.jpg,639.txt,639_bbox0.jpg,0.0,0
64.jpg,64.txt,64_bbox0.jpg,0.0,0
640.jpg,640.txt,640_bbox0.jpg,0.0,0
641.jpg,641.txt,641_bbox0.jpg,0.0,0
642.jpg,642.txt,642_bbox0.jpg,0.0,0
643.jpg,643.txt,643_bbox0.jpg,0.0,0
644.jpg,644.txt,644_bbox0.jpg,0.0,0
645.jpg,645.txt,645_bbox0.jpg,0.0,0
646.jpg,646.txt,646_bbox0.jpg,0.0,0
647.jpg,647.txt,647_bbox0.jpg,0.0,0
648.jpg,648.txt,648_bbox0.jpg,0.0,0
649.jpg,649.txt,649_bbox0.jpg,0.0,0
65.jpg,65.txt,65_bbox0.jpg,0.0,0
650.jpg,650.txt,650_bbox0.jpg,1.0,0
651.jpg,651.txt,651_bbox0.jpg,0.0,0
652.jpg,652.txt,652_bbox0.jpg,0.0,0
652.jpg,652.txt,652_bbox1.jpg,0.0,1
653.jpg,653.txt,653_bbox0.jpg,0.0,0
654.jpg,654.txt,654_bbox0.jpg,0.0,0
655.jpg,655.txt,655_bbox0.jpg,0.0,0
656.jpg,656.txt,656_bbox0.jpg,0.0,0
657.jpg,657.txt,657_bbox0.jpg,0.0,0
658.jpg,658.txt,658_bbox0.jpg,0.0,0
659.jpg,659.txt,659_bbox0.jpg,0.0,0
66.jpg,66.txt,66_bbox0.jpg,0.0,0
660.jpg,660.txt,660_bbox0.jpg,0.0,0
661.jpg,661.txt,661_bbox0.jpg,0.0,0
662.jpg,662.txt,662_bbox0.jpg,0.0,0
663.jpg,663.txt,663_bbox0.jpg,0.0,0
664.jpg,664.txt,664_bbox0.jpg,0.0,0
665.jpg,665.txt,665_bbox0.jpg,0.0,0
666.jpg,666.txt,666_bbox0.jpg,0.0,0
667.jpg,667.txt,667_bbox0.jpg,0.0,0
668.jpg,668.txt,668_bbox0.jpg,0.0,0
669.jpg,669.txt,669_bbox0.jpg,0.0,0
67.jpg,67.txt,67_bbox0.jpg,0.0,0
670.jpg,670.txt,670_bbox0.jpg,0.0,0
671.jpg,671.txt,671_bbox0.jpg,0.0,0
672.jpg,672.txt,672_bbox0.jpg,0.0,0
673.jpg,673.txt,673_bbox0.jpg,0.0,0
674.jpg,674.txt,674_bbox0.jpg,0.0,0
675.jpg,675.txt,675_bbox0.jpg,0.0,0
676.jpg,676.txt,676_bbox0.jpg,0.0,0
677.jpg,677.txt,677_bbox0.jpg,0.0,0
678.jpg,678.txt,678_bbox0.jpg,0.0,0
679.jpg,679.txt,679_bbox0.jpg,0.0,0
68.jpg,68.txt,68_bbox0.jpg,0.0,0
680.jpg,680.txt,680_bbox0.jpg,0.0,0
681.jpg,681.txt,681_bbox0.jpg,0.0,0
682.jpg,682.txt,682_bbox0.jpg,0.0,0
683.jpg,683.txt,683_bbox0.jpg,0.0,0
684.jpg,684.txt,684_bbox0.jpg,0.0,0
685.jpg,685.txt,685_bbox0.jpg,0.0,0
685.jpg,685.txt,685_bbox1.jpg,0.0,1
686.jpg,686.txt,686_bbox0.jpg,0.0,0
687.jpg,687.txt,687_bbox0.jpg,0.0,0
688.jpg,688.txt,688_bbox0.jpg,0.0,0
689.jpg,689.txt,689_bbox0.jpg,0.0,0
69.jpg,69.txt,69_bbox0.jpg,0.0,0
690.jpg,690.txt,690_bbox0.jpg,0.0,0
691.jpg,691.txt,691_bbox0.jpg,0.0,0
691.jpg,691.txt,691_bbox1.jpg,0.0,1
692.jpg,692.txt,692_bbox0.jpg,1.0,0
693.jpg,693.txt,693_bbox0.jpg,0.0,0
694.jpg,694.txt,694_bbox0.jpg,0.0,0
695.jpg,695.txt,695_bbox0.jpg,0.0,0
696.jpg,696.txt,696_bbox0.jpg,0.0,0
697.jpg,697.txt,697_bbox0.jpg,0.0,0
698.jpg,698.txt,698_bbox0.jpg,0.0,0
699.jpg,699.txt,699_bbox0.jpg,1.0,0
699.jpg,699.txt,699_bbox1.jpg,0.0,1
7.jpg,7.txt,7_bbox0.jpg,0.0,0
70.jpg,70.txt,70_bbox0.jpg,0.0,0
700.jpg,700.txt,700_bbox0.jpg,0.0,0
701.jpg,701.txt,701_bbox0.jpg,0.0,0
702.jpg,702.txt,702_bbox0.jpg,0.0,0
703.jpg,703.txt,703_bbox0.jpg,0.0,0
704.jpg,704.txt,704_bbox0.jpg,0.0,0
705.jpg,705.txt,705_bbox0.jpg,0.0,0
706.jpg,706.txt,706_bbox0.jpg,0.0,0
707.jpg,707.txt,707_bbox0.jpg,0.0,0
708.jpg,708.txt,708_bbox0.jpg,0.0,0
709.jpg,709.txt,709_bbox0.jpg,0.0,0
71.jpg,71.txt,71_bbox0.jpg,0.0,0
710.jpg,710.txt,710_bbox0.jpg,0.0,0
711.jpg,711.txt,711_bbox0.jpg,0.0,0
712.jpg,712.txt,712_bbox0.jpg,0.0,0
713.jpg,713.txt,713_bbox0.jpg,0.0,0
714.jpg,714.txt,714_bbox0.jpg,0.0,0
715.jpg,715.txt,715_bbox0.jpg,0.0,0
716.jpg,716.txt,716_bbox0.jpg,0.0,0
716.jpg,716.txt,716_bbox1.jpg,0.0,1
717.jpg,717.txt,717_bbox0.jpg,0.0,0
718.jpg,718.txt,718_bbox0.jpg,0.0,0
719.jpg,719.txt,719_bbox0.jpg,0.0,0
72.jpg,72.txt,72_bbox0.jpg,0.0,0
720.jpg,720.txt,720_bbox0.jpg,0.0,0
721.jpg,721.txt,721_bbox0.jpg,0.0,0
722.jpg,722.txt,722_bbox0.jpg,0.0,0
722.jpg,722.txt,722_bbox1.jpg,0.0,1
723.jpg,723.txt,723_bbox0.jpg,0.0,0
724.jpg,724.txt,724_bbox0.jpg,0.0,0
725.jpg,725.txt,725_bbox0.jpg,0.0,0
726.jpg,726.txt,726_bbox0.jpg,0.0,0
727.jpg,727.txt,727_bbox0.jpg,0.0,0
728.jpg,728.txt,728_bbox0.jpg,0.0,0
729.jpg,729.txt,729_bbox0.jpg,0.0,0
73.jpg,73.txt,73_bbox0.jpg,0.0,0
730.jpg,730.txt,730_bbox0.jpg,0.0,0
731.jpg,731.txt,731_bbox0.jpg,0.0,0
732.jpg,732.txt,732_bbox0.jpg,0.0,0
733.jpg,733.txt,733_bbox0.jpg,0.0,0
734.jpg,734.txt,734_bbox0.jpg,0.0,0
735.jpg,735.txt,735_bbox0.jpg,0.0,0
736.jpg,736.txt,736_bbox0.jpg,0.0,0
737.jpg,737.txt,737_bbox0.jpg,0.0,0
738.jpg,738.txt,738_bbox0.jpg,0.0,0
739.jpg,739.txt,739_bbox0.jpg,0.0,0
74.jpg,74.txt,74_bbox0.jpg,0.0,0
740.jpg,740.txt,740_bbox0.jpg,0.0,0
741.jpg,741.txt,741_bbox0.jpg,0.0,0
742.jpg,742.txt,742_bbox0.jpg,0.0,0
743.jpg,743.txt,743_bbox0.jpg,0.0,0
744.jpg,744.txt,744_bbox0.jpg,0.0,0
745.jpg,745.txt,745_bbox0.jpg,0.0,0
746.jpg,746.txt,746_bbox0.jpg,0.0,0
747.jpg,747.txt,747_bbox0.jpg,0.0,0
748.jpg,748.txt,748_bbox0.jpg,0.0,0
749.jpg,749.txt,749_bbox0.jpg,0.0,0
749.jpg,749.txt,749_bbox1.jpg,1.0,1
75.jpg,75.txt,75_bbox0.jpg,0.0,0
750.jpg,750.txt,750_bbox0.jpg,0.0,0
751.jpg,751.txt,751_bbox0.jpg,0.0,0
752.jpg,752.txt,752_bbox0.jpg,0.0,0
753.jpg,753.txt,753_bbox0.jpg,0.0,0
754.jpg,754.txt,754_bbox0.jpg,0.0,0
755.jpg,755.txt,755_bbox0.jpg,0.0,0
756.jpg,756.txt,756_bbox0.jpg,0.0,0
757.jpg,757.txt,757_bbox0.jpg,0.0,0
758.jpg,758.txt,758_bbox0.jpg,0.0,0
759.jpg,759.txt,759_bbox0.jpg,0.0,0
76.jpg,76.txt,76_bbox0.jpg,0.0,0
760.jpg,760.txt,760_bbox0.jpg,0.0,0
761.jpg,761.txt,761_bbox0.jpg,0.0,0
762.jpg,762.txt,762_bbox0.jpg,0.0,0
763.jpg,763.txt,763_bbox0.jpg,0.0,0
764.jpg,764.txt,764_bbox0.jpg,0.0,0
765.jpg,765.txt,765_bbox0.jpg,0.0,0
766.jpg,766.txt,766_bbox0.jpg,0.0,0
766.jpg,766.txt,766_bbox1.jpg,1.0,1
767.jpg,767.txt,767_bbox0.jpg,0.0,0
768.jpg,768.txt,768_bbox0.jpg,0.0,0
769.jpg,769.txt,769_bbox0.jpg,0.0,0
77.jpg,77.txt,77_bbox0.jpg,0.0,0
770.jpg,770.txt,770_bbox0.jpg,0.0,0
771.jpg,771.txt,771_bbox0.jpg,0.0,0
772.jpg,772.txt,772_bbox0.jpg,0.0,0
773.jpg,773.txt,773_bbox0.jpg,0.0,0
774.jpg,774.txt,774_bbox0.jpg,0.0,0
775.jpg,775.txt,775_bbox0.jpg,0.0,0
776.jpg,776.txt,776_bbox0.jpg,0.0,0
777.jpg,777.txt,777_bbox0.jpg,0.0,0
778.jpg,778.txt,778_bbox0.jpg,0.0,0
779.jpg,779.txt,779_bbox0.jpg,0.0,0
78.jpg,78.txt,78_bbox0.jpg,0.0,0
780.jpg,780.txt,780_bbox0.jpg,0.0,0
781.jpg,781.txt,781_bbox0.jpg,0.0,0
782.jpg,782.txt,782_bbox0.jpg,0.0,0
783.jpg,783.txt,783_bbox0.jpg,0.0,0
784.jpg,784.txt,784_bbox0.jpg,0.0,0
785.jpg,785.txt,785_bbox0.jpg,0.0,0
786.jpg,786.txt,786_bbox0.jpg,0.0,0
787.jpg,787.txt,787_bbox0.jpg,0.0,0
788.jpg,788.txt,788_bbox0.jpg,0.0,0
789.jpg,789.txt,789_bbox0.jpg,0.0,0
79.jpg,79.txt,79_bbox0.jpg,0.0,0
790.jpg,790.txt,790_bbox0.jpg,0.0,0
791.jpg,791.txt,791_bbox0.jpg,0.0,0
792.jpg,792.txt,792_bbox0.jpg,0.0,0
793.jpg,793.txt,793_bbox0.jpg,0.0,0
794.jpg,794.txt,794_bbox0.jpg,0.0,0
795.jpg,795.txt,795_bbox0.jpg,0.0,0
796.jpg,796.txt,796_bbox0.jpg,0.0,0
797.jpg,797.txt,797_bbox0.jpg,0.0,0
798.jpg,798.txt,798_bbox0.jpg,0.0,0
799.jpg,799.txt,799_bbox0.jpg,0.0,0
8.jpg,8.txt,8_bbox0.jpg,1.0,0
8.jpg,8.txt,8_bbox1.jpg,1.0,1
80.jpg,80.txt,80_bbox0.jpg,0.0,0
800.jpg,800.txt,800_bbox0.jpg,0.0,0
801.jpg,801.txt,801_bbox0.jpg,0.0,0
802.jpg,802.txt,802_bbox0.jpg,0.0,0
803.jpg,803.txt,803_bbox0.jpg,0.0,0
804.jpg,804.txt,804_bbox0.jpg,0.0,0
805.jpg,805.txt,805_bbox0.jpg,0.0,0
806.jpg,806.txt,806_bbox0.jpg,0.0,0
807.jpg,807.txt,807_bbox0.jpg,0.0,0
808.jpg,808.txt,808_bbox0.jpg,0.0,0
809.jpg,809.txt,809_bbox0.jpg,0.0,0
81.jpg,81.txt,81_bbox0.jpg,0.0,0
810.jpg,810.txt,810_bbox0.jpg,0.0,0
810.jpg,810.txt,810_bbox1.jpg,0.0,1
811.jpg,811.txt,811_bbox0.jpg,0.0,0
812.jpg,812.txt,812_bbox0.jpg,0.0,0
813.jpg,813.txt,813_bbox0.jpg,0.0,0
814.jpg,814.txt,814_bbox0.jpg,0.0,0
815.jpg,815.txt,815_bbox0.jpg,0.0,0
816.jpg,816.txt,816_bbox0.jpg,0.0,0
817.jpg,817.txt,817_bbox0.jpg,0.0,0
818.jpg,818.txt,818_bbox0.jpg,0.0,0
819.jpg,819.txt,819_bbox0.jpg,0.0,0
82.jpg,82.txt,82_bbox0.jpg,0.0,0
820.jpg,820.txt,820_bbox0.jpg,0.0,0
821.jpg,821.txt,821_bbox0.jpg,0.0,0
822.jpg,822.txt,822_bbox0.jpg,0.0,0
823.jpg,823.txt,823_bbox0.jpg,0.0,0
824.jpg,824.txt,824_bbox0.jpg,0.0,0
825.jpg,825.txt,825_bbox0.jpg,0.0,0
826.jpg,826.txt,826_bbox0.jpg,0.0,0
827.jpg,827.txt,827_bbox0.jpg,0.0,0
828.jpg,828.txt,828_bbox0.jpg,0.0,0
829.jpg,829.txt,829_bbox0.jpg,0.0,0
83.jpg,83.txt,83_bbox0.jpg,0.0,0
830.jpg,830.txt,830_bbox0.jpg,0.0,0
831.jpg,831.txt,831_bbox0.jpg,0.0,0
832.jpg,832.txt,832_bbox0.jpg,0.0,0
833.jpg,833.txt,833_bbox0.jpg,0.0,0
834.jpg,834.txt,834_bbox0.jpg,0.0,0
835.jpg,835.txt,835_bbox0.jpg,0.0,0
836.jpg,836.txt,836_bbox0.jpg,0.0,0
837.jpg,837.txt,837_bbox0.jpg,0.0,0
838.jpg,838.txt,838_bbox0.jpg,0.0,0
839.jpg,839.txt,839_bbox0.jpg,0.0,0
84.jpg,84.txt,84_bbox0.jpg,0.0,0
840.jpg,840.txt,840_bbox0.jpg,0.0,0
841.jpg,841.txt,841_bbox0.jpg,0.0,0
842.jpg,842.txt,842_bbox0.jpg,0.0,0
842.jpg,842.txt,842_bbox1.jpg,1.0,1
843.jpg,843.txt,843_bbox0.jpg,0.0,0
844.jpg,844.txt,844_bbox0.jpg,0.0,0
845.jpg,845.txt,845_bbox0.jpg,0.0,0
846.jpg,846.txt,846_bbox0.jpg,0.0,0
847.jpg,847.txt,847_bbox0.jpg,0.0,0
848.jpg,848.txt,848_bbox0.jpg,0.0,0
849.jpg,849.txt,849_bbox0.jpg,0.0,0
85.jpg,85.txt,85_bbox0.jpg,0.0,0
850.jpg,850.txt,850_bbox0.jpg,0.0,0
851.jpg,851.txt,851_bbox0.jpg,0.0,0
852.jpg,852.txt,852_bbox0.jpg,0.0,0
853.jpg,853.txt,853_bbox0.jpg,0.0,0
854.jpg,854.txt,854_bbox0.jpg,0.0,0
854.jpg,854.txt,854_bbox1.jpg,0.0,1
855.jpg,855.txt,855_bbox0.jpg,0.0,0
856.jpg,856.txt,856_bbox0.jpg,0.0,0
857.jpg,857.txt,857_bbox0.jpg,0.0,0
857.jpg,857.txt,857_bbox1.jpg,0.0,1
858.jpg,858.txt,858_bbox0.jpg,0.0,0
859.jpg,859.txt,859_bbox0.jpg,0.0,0
859.jpg,859.txt,859_bbox1.jpg,0.0,1
86.jpg,86.txt,86_bbox0.jpg,0.0,0
860.jpg,860.txt,860_bbox0.jpg,0.0,0
861.jpg,861.txt,861_bbox0.jpg,0.0,0
862.jpg,862.txt,862_bbox0.jpg,0.0,0
863.jpg,863.txt,863_bbox0.jpg,0.0,0
864.jpg,864.txt,864_bbox0.jpg,0.0,0
865.jpg,865.txt,865_bbox0.jpg,0.0,0
866.jpg,866.txt,866_bbox0.jpg,1.0,0
867.jpg,867.txt,867_bbox0.jpg,0.0,0
868.jpg,868.txt,868_bbox0.jpg,0.0,0
869.jpg,869.txt,869_bbox0.jpg,0.0,0
87.jpg,87.txt,87_bbox0.jpg,0.0,0
87.jpg,87.txt,87_bbox1.jpg,0.0,1
870.jpg,870.txt,870_bbox0.jpg,0.0,0
871.jpg,871.txt,871_bbox0.jpg,0.0,0
872.jpg,872.txt,872_bbox0.jpg,0.0,0
873.jpg,873.txt,873_bbox0.jpg,0.0,0
874.jpg,874.txt,874_bbox0.jpg,0.0,0
875.jpg,875.txt,875_bbox0.jpg,0.0,0
876.jpg,876.txt,876_bbox0.jpg,0.0,0
877.jpg,877.txt,877_bbox0.jpg,0.0,0
878.jpg,878.txt,878_bbox0.jpg,0.0,0
879.jpg,879.txt,879_bbox0.jpg,0.0,0
88.jpg,88.txt,88_bbox0.jpg,0.0,0
880.jpg,880.txt,880_bbox0.jpg,0.0,0
881.jpg,881.txt,881_bbox0.jpg,0.0,0
882.jpg,882.txt,882_bbox0.jpg,0.0,0
883.jpg,883.txt,883_bbox0.jpg,0.0,0
884.jpg,884.txt,884_bbox0.jpg,0.0,0
885.jpg,885.txt,885_bbox0.jpg,0.0,0
886.jpg,886.txt,886_bbox0.jpg,0.0,0
887.jpg,887.txt,887_bbox0.jpg,0.0,0
888.jpg,888.txt,888_bbox0.jpg,0.0,0
889.jpg,889.txt,889_bbox0.jpg,0.0,0
89.jpg,89.txt,89_bbox0.jpg,0.0,0
890.jpg,890.txt,890_bbox0.jpg,0.0,0
891.jpg,891.txt,891_bbox0.jpg,0.0,0
892.jpg,892.txt,892_bbox0.jpg,0.0,0
893.jpg,893.txt,893_bbox0.jpg,0.0,0
894.jpg,894.txt,894_bbox0.jpg,0.0,0
895.jpg,895.txt,895_bbox0.jpg,0.0,0
896.jpg,896.txt,896_bbox0.jpg,0.0,0
897.jpg,897.txt,897_bbox0.jpg,0.0,0
898.jpg,898.txt,898_bbox0.jpg,0.0,0
899.jpg,899.txt,899_bbox0.jpg,0.0,0
9.jpg,9.txt,9_bbox0.jpg,0.0,0
90.jpg,90.txt,90_bbox0.jpg,0.0,0
900.jpg,900.txt,900_bbox0.jpg,0.0,0
901.jpg,901.txt,901_bbox0.jpg,0.0,0
901.jpg,901.txt,901_bbox1.jpg,1.0,1
902.jpg,902.txt,902_bbox0.jpg,0.0,0
903.jpg,903.txt,903_bbox0.jpg,0.0,0
904.jpg,904.txt,904_bbox0.jpg,0.0,0
905.jpg,905.txt,905_bbox0.jpg,0.0,0
906.jpg,906.txt,906_bbox0.jpg,0.0,0
907.jpg,907.txt,907_bbox0.jpg,0.0,0
908.jpg,908.txt,908_bbox0.jpg,0.0,0
909.jpg,909.txt,909_bbox0.jpg,0.0,0
91.jpg,91.txt,91_bbox0.jpg,0.0,0
910.jpg,910.txt,910_bbox0.jpg,0.0,0
911.jpg,911.txt,911_bbox0.jpg,0.0,0
912.jpg,912.txt,912_bbox0.jpg,0.0,0
913.jpg,913.txt,913_bbox0.jpg,0.0,0
914.jpg,914.txt,914_bbox0.jpg,0.0,0
914.jpg,914.txt,914_bbox1.jpg,0.0,1
915.jpg,915.txt,915_bbox0.jpg,0.0,0
916.jpg,916.txt,916_bbox0.jpg,0.0,0
917.jpg,917.txt,917_bbox0.jpg,0.0,0
918.jpg,918.txt,918_bbox0.jpg,0.0,0
919.jpg,919.txt,919_bbox0.jpg,0.0,0
92.jpg,92.txt,92_bbox0.jpg,0.0,0
92.jpg,92.txt,92_bbox1.jpg,1.0,1
920.jpg,920.txt,920_bbox0.jpg,0.0,0
921.jpg,921.txt,921_bbox0.jpg,0.0,0
922.jpg,922.txt,922_bbox0.jpg,0.0,0
923.jpg,923.txt,923_bbox0.jpg,0.0,0
924.jpg,924.txt,924_bbox0.jpg,0.0,0
924.jpg,924.txt,924_bbox1.jpg,0.0,1
925.jpg,925.txt,925_bbox0.jpg,0.0,0
926.jpg,926.txt,926_bbox0.jpg,0.0,0
926.jpg,926.txt,926_bbox1.jpg,0.0,1
927.jpg,927.txt,927_bbox0.jpg,0.0,0
928.jpg,928.txt,928_bbox0.jpg,0.0,0
929.jpg,929.txt,929_bbox0.jpg,0.0,0
93.jpg,93.txt,93_bbox0.jpg,0.0,0
930.jpg,930.txt,930_bbox0.jpg,0.0,0
931.jpg,931.txt,931_bbox0.jpg,0.0,0
932.jpg,932.txt,932_bbox0.jpg,0.0,0
933.jpg,933.txt,933_bbox0.jpg,0.0,0
934.jpg,934.txt,934_bbox0.jpg,0.0,0
935.jpg,935.txt,935_bbox0.jpg,0.0,0
936.jpg,936.txt,936_bbox0.jpg,0.0,0
937.jpg,937.txt,937_bbox0.jpg,0.0,0
938.jpg,938.txt,938_bbox0.jpg,0.0,0
939.jpg,939.txt,939_bbox0.jpg,0.0,0
94.jpg,94.txt,94_bbox0.jpg,0.0,0
940.jpg,940.txt,940_bbox0.jpg,0.0,0
941.jpg,941.txt,941_bbox0.jpg,0.0,0
941.jpg,941.txt,941_bbox1.jpg,0.0,1
942.jpg,942.txt,942_bbox0.jpg,0.0,0
943.jpg,943.txt,943_bbox0.jpg,0.0,0
944.jpg,944.txt,944_bbox0.jpg,0.0,0
945.jpg,945.txt,945_bbox0.jpg,0.0,0
946.jpg,946.txt,946_bbox0.jpg,0.0,0
947.jpg,947.txt,947_bbox0.jpg,0.0,0
948.jpg,948.txt,948_bbox0.jpg,0.0,0
949.jpg,949.txt,949_bbox0.jpg,0.0,0
95.jpg,95.txt,95_bbox0.jpg,0.0,0
950.jpg,950.txt,950_bbox0.jpg,0.0,0
951.jpg,951.txt,951_bbox0.jpg,0.0,0
952.jpg,952.txt,952_bbox0.jpg,0.0,0
953.jpg,953.txt,953_bbox0.jpg,0.0,0
954.jpg,954.txt,954_bbox0.jpg,0.0,0
955.jpg,955.txt,955_bbox0.jpg,0.0,0
956.jpg,956.txt,956_bbox0.jpg,0.0,0
957.jpg,957.txt,957_bbox0.jpg,0.0,0
958.jpg,958.txt,958_bbox0.jpg,0.0,0
959.jpg,959.txt,959_bbox0.jpg,0.0,0
96.jpg,96.txt,96_bbox0.jpg,1.0,0
960.jpg,960.txt,960_bbox0.jpg,0.0,0
961.jpg,961.txt,961_bbox0.jpg,0.0,0
962.jpg,962.txt,962_bbox0.jpg,0.0,0
963.jpg,963.txt,963_bbox0.jpg,0.0,0
964.jpg,964.txt,964_bbox0.jpg,0.0,0
965.jpg,965.txt,965_bbox0.jpg,0.0,0
966.jpg,966.txt,966_bbox0.jpg,0.0,0
967.jpg,967.txt,967_bbox0.jpg,0.0,0
968.jpg,968.txt,968_bbox0.jpg,0.0,0
969.jpg,969.txt,969_bbox0.jpg,0.0,0
97.jpg,97.txt,97_bbox0.jpg,0.0,0
970.jpg,970.txt,970_bbox0.jpg,0.0,0
971.jpg,971.txt,971_bbox0.jpg,0.0,0
972.jpg,972.txt,972_bbox0.jpg,0.0,0
973.jpg,973.txt,973_bbox0.jpg,0.0,0
974.jpg,974.txt,974_bbox0.jpg,0.0,0
975.jpg,975.txt,975_bbox0.jpg,0.0,0
975.jpg,975.txt,975_bbox1.jpg,0.0,1
976.jpg,976.txt,976_bbox0.jpg,0.0,0
977.jpg,977.txt,977_bbox0.jpg,0.0,0
978.jpg,978.txt,978_bbox0.jpg,0.0,0
979.jpg,979.txt,979_bbox0.jpg,0.0,0
98.jpg,98.txt,98_bbox0.jpg,0.0,0
980.jpg,980.txt,980_bbox0.jpg,0.0,0
980.jpg,980.txt,980_bbox1.jpg,1.0,1
981.jpg,981.txt,981_bbox0.jpg,0.0,0
982.jpg,982.txt,982_bbox0.jpg,0.0,0
983.jpg,983.txt,983_bbox0.jpg,0.0,0
984.jpg,984.txt,984_bbox0.jpg,0.0,0
985.jpg,985.txt,985_bbox0.jpg,0.0,0
986.jpg,986.txt,986_bbox0.jpg,0.0,0
987.jpg,987.txt,987_bbox0.jpg,0.0,0
988.jpg,988.txt,988_bbox0.jpg,0.0,0
989.jpg,989.txt,989_bbox0.jpg,0.0,0
989.jpg,989.txt,989_bbox1.jpg,0.0,1
99.jpg,99.txt,99_bbox0.jpg,0.0,0
990.jpg,990.txt,990_bbox0.jpg,0.0,0
991.jpg,991.txt,991_bbox0.jpg,0.0,0
992.jpg,992.txt,992_bbox0.jpg,0.0,0
993.jpg,993.txt,993_bbox0.jpg,0.0,0
994.jpg,994.txt,994_bbox0.jpg,0.0,0
994.jpg,994.txt,994_bbox1.jpg,0.0,1
995.jpg,995.txt,995_bbox0.jpg,0.0,0
996.jpg,996.txt,996_bbox0.jpg,0.0,0
997.jpg,997.txt,997_bbox0.jpg,0.0,0
998.jpg,998.txt,998_bbox0.jpg,0.0,0
999.jpg,999.txt,999_bbox0.jpg,0.0,0
