crop,result,source_image,label_file,bbox_index,class_id
1_bbox0.jpg,YES,1.jpg,1.txt,0,0.0
10_bbox0.jpg,NO,10.jpg,10.txt,0,1.0
100_bbox0.jpg,YES,100.jpg,100.txt,0,0.0
1000_bbox0.jpg,YES,1000.jpg,1000.txt,0,0.0
1001_bbox0.jpg,YES,1001.jpg,1001.txt,0,0.0
1002_bbox0.jpg,YES,1002.jpg,1002.txt,0,0.0
1003_bbox0.jpg,いいえ。,1003.jpg,1003.txt,0,0.0
1004_bbox0.jpg,Yes,1004.jpg,1004.txt,0,0.0
1005_bbox0.jpg,YES,1005.jpg,1005.txt,0,0.0
1005_bbox1.jpg,YES,1005.jpg,1005.txt,1,0.0
1006_bbox0.jpg,YES,1006.jpg,1006.txt,0,0.0
1007_bbox0.jpg,NO,1007.jpg,1007.txt,0,0.0
1008_bbox0.jpg,NO,1008.jpg,1008.txt,0,0.0
1009_bbox0.jpg,YES,1009.jpg,1009.txt,0,0.0
101_bbox0.jpg,YES,101.jpg,101.txt,0,0.0
1010_bbox0.jpg,YES,1010.jpg,1010.txt,0,0.0
1011_bbox0.jpg,YES,1011.jpg,1011.txt,0,0.0
1012_bbox0.jpg,YES,1012.jpg,1012.txt,0,0.0
1013_bbox0.jpg,YES,1013.jpg,1013.txt,0,0.0
1014_bbox0.jpg,YES,1014.jpg,1014.txt,0,0.0
1015_bbox0.jpg,YES,1015.jpg,1015.txt,0,0.0
1016_bbox0.jpg,YES,1016.jpg,1016.txt,0,0.0
1017_bbox0.jpg,YES,1017.jpg,1017.txt,0,0.0
1018_bbox0.jpg,YES,1018.jpg,1018.txt,0,0.0
1019_bbox0.jpg,YES,1019.jpg,1019.txt,0,1.0
102_bbox0.jpg,YES,102.jpg,102.txt,0,0.0
102_bbox1.jpg,YES,102.jpg,102.txt,1,0.0
102_bbox2.jpg,NO,102.jpg,102.txt,2,1.0
1020_bbox0.jpg,YES,1020.jpg,1020.txt,0,0.0
1021_bbox0.jpg,YES,1021.jpg,1021.txt,0,0.0
1022_bbox0.jpg,YES,1022.jpg,1022.txt,0,0.0
1023_bbox0.jpg,YES,1023.jpg,1023.txt,0,0.0
1024_bbox0.jpg,YES,1024.jpg,1024.txt,0,0.0
1025_bbox0.jpg,YES,1025.jpg,1025.txt,0,0.0
1026_bbox0.jpg,NO,1026.jpg,1026.txt,0,0.0
1027_bbox0.jpg,YES,1027.jpg,1027.txt,0,0.0
1028_bbox0.jpg,YES,1028.jpg,1028.txt,0,0.0
1029_bbox0.jpg,NO,1029.jpg,1029.txt,0,0.0
103_bbox0.jpg,YES,103.jpg,103.txt,0,0.0
1030_bbox0.jpg,YES,1030.jpg,1030.txt,0,0.0
1031_bbox0.jpg,NO,1031.jpg,1031.txt,0,0.0
1032_bbox0.jpg,YES,1032.jpg,1032.txt,0,0.0
1033_bbox0.jpg,NO,1033.jpg,1033.txt,0,0.0
1034_bbox0.jpg,NO,1034.jpg,1034.txt,0,0.0
1035_bbox0.jpg,YES,1035.jpg,1035.txt,0,0.0
1036_bbox0.jpg,YES,1036.jpg,1036.txt,0,0.0
1037_bbox0.jpg,YES,1037.jpg,1037.txt,0,0.0
1038_bbox0.jpg,YES,1038.jpg,1038.txt,0,0.0
1039_bbox0.jpg,YES,1039.jpg,1039.txt,0,0.0
104_bbox0.jpg,YES,104.jpg,104.txt,0,0.0
1040_bbox0.jpg,YES,1040.jpg,1040.txt,0,0.0
1041_bbox0.jpg,YES,1041.jpg,1041.txt,0,0.0
1042_bbox0.jpg,YES,1042.jpg,1042.txt,0,0.0
1042_bbox1.jpg,いいえ。,1042.jpg,1042.txt,1,1.0
1043_bbox0.jpg,申し訳ありませんが、この画像からは判断でき,1043.jpg,1043.txt,0,0.0
1044_bbox0.jpg,YES,1044.jpg,1044.txt,0,0.0
1045_bbox0.jpg,はい、これは日本の車のナンバ,1045.jpg,1045.txt,0,0.0
1046_bbox0.jpg,NO,1046.jpg,1046.txt,0,0.0
1047_bbox0.jpg,YES,1047.jpg,1047.txt,0,0.0
1047_bbox1.jpg,YES,1047.jpg,1047.txt,1,0.0
1047_bbox2.jpg,YES,1047.jpg,1047.txt,2,0.0
1048_bbox0.jpg,YES,1048.jpg,1048.txt,0,0.0
1049_bbox0.jpg,YES,1049.jpg,1049.txt,0,0.0
105_bbox0.jpg,YES,105.jpg,105.txt,0,0.0
106_bbox0.jpg,YES,106.jpg,106.txt,0,0.0
107_bbox0.jpg,YES,107.jpg,107.txt,0,0.0
108_bbox0.jpg,YES,108.jpg,108.txt,0,0.0
109_bbox0.jpg,YES,109.jpg,109.txt,0,0.0
11_bbox0.jpg,YES,11.jpg,11.txt,0,0.0
110_bbox0.jpg,YES,110.jpg,110.txt,0,0.0
110_bbox1.jpg,申し訳ありませんが、この画像だけでは日本の,110.jpg,110.txt,1,1.0
111_bbox0.jpg,YES,111.jpg,111.txt,0,0.0
112_bbox0.jpg,YES,112.jpg,112.txt,0,0.0
113_bbox0.jpg,YES,113.jpg,113.txt,0,0.0
113_bbox1.jpg,はい、これは日本の車のナンバ,113.jpg,113.txt,1,1.0
114_bbox0.jpg,YES,114.jpg,114.txt,0,0.0
115_bbox0.jpg,YES,115.jpg,115.txt,0,0.0
116_bbox0.jpg,NO,116.jpg,116.txt,0,0.0
117_bbox0.jpg,YES,117.jpg,117.txt,0,0.0
118_bbox0.jpg,YES,118.jpg,118.txt,0,0.0
119_bbox0.jpg,YES,119.jpg,119.txt,0,0.0
12_bbox0.jpg,YES,12.jpg,12.txt,0,0.0
120_bbox0.jpg,YES,120.jpg,120.txt,0,0.0
121_bbox0.jpg,YES,121.jpg,121.txt,0,0.0
122_bbox0.jpg,YES,122.jpg,122.txt,0,0.0
123_bbox0.jpg,YES,123.jpg,123.txt,0,0.0
124_bbox0.jpg,YES,124.jpg,124.txt,0,0.0
125_bbox0.jpg,NO,125.jpg,125.txt,0,0.0
126_bbox0.jpg,YES,126.jpg,126.txt,0,0.0
127_bbox0.jpg,YES,127.jpg,127.txt,0,0.0
127_bbox1.jpg,NO,127.jpg,127.txt,1,1.0
128_bbox0.jpg,YES,128.jpg,128.txt,0,0.0
129_bbox0.jpg,YES,129.jpg,129.txt,0,0.0
13_bbox0.jpg,YES,13.jpg,13.txt,0,0.0
130_bbox0.jpg,YES,130.jpg,130.txt,0,0.0
131_bbox0.jpg,YES,131.jpg,131.txt,0,0.0
132_bbox0.jpg,NO,132.jpg,132.txt,0,0.0
133_bbox0.jpg,YES,133.jpg,133.txt,0,0.0
134_bbox0.jpg,YES,134.jpg,134.txt,0,0.0
135_bbox0.jpg,申し訳ありませんが、この画像からは判断でき,135.jpg,135.txt,0,0.0
136_bbox0.jpg,YES,136.jpg,136.txt,0,0.0
137_bbox0.jpg,YES,137.jpg,137.txt,0,0.0
138_bbox0.jpg,YES,138.jpg,138.txt,0,0.0
139_bbox0.jpg,NO,139.jpg,139.txt,0,0.0
14_bbox0.jpg,YES,14.jpg,14.txt,0,0.0
140_bbox0.jpg,YES,140.jpg,140.txt,0,0.0
141_bbox0.jpg,YES,141.jpg,141.txt,0,0.0
142_bbox0.jpg,YES,142.jpg,142.txt,0,0.0
142_bbox1.jpg,YES,142.jpg,142.txt,1,0.0
142_bbox2.jpg,いいえ。,142.jpg,142.txt,2,1.0
143_bbox0.jpg,YES,143.jpg,143.txt,0,0.0
144_bbox0.jpg,YES,144.jpg,144.txt,0,0.0
145_bbox0.jpg,YES,145.jpg,145.txt,0,0.0
146_bbox0.jpg,YES,146.jpg,146.txt,0,0.0
147_bbox0.jpg,NO,147.jpg,147.txt,0,0.0
148_bbox0.jpg,YES,148.jpg,148.txt,0,0.0
149_bbox0.jpg,YES,149.jpg,149.txt,0,0.0
15_bbox0.jpg,NO,15.jpg,15.txt,0,0.0
150_bbox0.jpg,YES,150.jpg,150.txt,0,0.0
150_bbox1.jpg,YES,150.jpg,150.txt,1,1.0
151_bbox0.jpg,YES,151.jpg,151.txt,0,0.0
152_bbox0.jpg,YES,152.jpg,152.txt,0,0.0
153_bbox0.jpg,Yes,153.jpg,153.txt,0,0.0
154_bbox0.jpg,YES,154.jpg,154.txt,0,0.0
155_bbox0.jpg,YES,155.jpg,155.txt,0,0.0
156_bbox0.jpg,YES,156.jpg,156.txt,0,0.0
157_bbox0.jpg,YES,157.jpg,157.txt,0,0.0
157_bbox1.jpg,YES,157.jpg,157.txt,1,1.0
158_bbox0.jpg,YES,158.jpg,158.txt,0,1.0
159_bbox0.jpg,YES,159.jpg,159.txt,0,0.0
16_bbox0.jpg,YES,16.jpg,16.txt,0,0.0
160_bbox0.jpg,YES,160.jpg,160.txt,0,0.0
161_bbox0.jpg,YES,161.jpg,161.txt,0,0.0
162_bbox0.jpg,YES,162.jpg,162.txt,0,0.0
163_bbox0.jpg,YES,163.jpg,163.txt,0,0.0
164_bbox0.jpg,YES,164.jpg,164.txt,0,0.0
165_bbox0.jpg,いいえ。,165.jpg,165.txt,0,0.0
166_bbox0.jpg,YES,166.jpg,166.txt,0,0.0
167_bbox0.jpg,YES,167.jpg,167.txt,0,0.0
168_bbox0.jpg,はい。,168.jpg,168.txt,0,0.0
168_bbox1.jpg,YES,168.jpg,168.txt,1,1.0
169_bbox0.jpg,YES,169.jpg,169.txt,0,0.0
169_bbox1.jpg,YES,169.jpg,169.txt,1,0.0
17_bbox0.jpg,いいえ。,17.jpg,17.txt,0,0.0
170_bbox0.jpg,NO,170.jpg,170.txt,0,1.0
171_bbox0.jpg,NO,171.jpg,171.txt,0,1.0
172_bbox0.jpg,NO,172.jpg,172.txt,0,0.0
173_bbox0.jpg,YES,173.jpg,173.txt,0,0.0
174_bbox0.jpg,YES,174.jpg,174.txt,0,0.0
175_bbox0.jpg,NO,175.jpg,175.txt,0,0.0
176_bbox0.jpg,YES,176.jpg,176.txt,0,0.0
177_bbox0.jpg,YES,177.jpg,177.txt,0,0.0
178_bbox0.jpg,YES,178.jpg,178.txt,0,0.0
179_bbox0.jpg,NO,179.jpg,179.txt,0,0.0
18_bbox0.jpg,YES,18.jpg,18.txt,0,0.0
180_bbox0.jpg,YES,180.jpg,180.txt,0,0.0
181_bbox0.jpg,YES,181.jpg,181.txt,0,0.0
182_bbox0.jpg,YES,182.jpg,182.txt,0,0.0
183_bbox0.jpg,YES,183.jpg,183.txt,0,0.0
184_bbox0.jpg,YES,184.jpg,184.txt,0,0.0
185_bbox0.jpg,YES,185.jpg,185.txt,0,0.0
186_bbox0.jpg,YES,186.jpg,186.txt,0,0.0
187_bbox0.jpg,YES,187.jpg,187.txt,0,0.0
188_bbox0.jpg,NO,188.jpg,188.txt,0,1.0
189_bbox0.jpg,YES,189.jpg,189.txt,0,0.0
19_bbox0.jpg,YES,19.jpg,19.txt,0,0.0
190_bbox0.jpg,YES,190.jpg,190.txt,0,0.0
190_bbox1.jpg,はい、これは日本の車のナンバ,190.jpg,190.txt,1,1.0
191_bbox0.jpg,YES,191.jpg,191.txt,0,0.0
192_bbox0.jpg,YES,192.jpg,192.txt,0,0.0
193_bbox0.jpg,YES,193.jpg,193.txt,0,0.0
194_bbox0.jpg,YES,194.jpg,194.txt,0,0.0
195_bbox0.jpg,YES,195.jpg,195.txt,0,0.0
196_bbox0.jpg,YES,196.jpg,196.txt,0,0.0
197_bbox0.jpg,YES,197.jpg,197.txt,0,0.0
198_bbox0.jpg,YES,198.jpg,198.txt,0,0.0
199_bbox0.jpg,YES,199.jpg,199.txt,0,0.0
199_bbox1.jpg,申し訳ありませんが、この画像だけでは日本の,199.jpg,199.txt,1,1.0
2_bbox0.jpg,YES,2.jpg,2.txt,0,0.0
20_bbox0.jpg,YES,20.jpg,20.txt,0,0.0
200_bbox0.jpg,YES,200.jpg,200.txt,0,0.0
201_bbox0.jpg,YES,201.jpg,201.txt,0,0.0
202_bbox0.jpg,YES,202.jpg,202.txt,0,0.0
203_bbox0.jpg,NO,203.jpg,203.txt,0,0.0
204_bbox0.jpg,YES,204.jpg,204.txt,0,0.0
205_bbox0.jpg,YES,205.jpg,205.txt,0,0.0
205_bbox1.jpg,YES,205.jpg,205.txt,1,1.0
206_bbox0.jpg,YES,206.jpg,206.txt,0,0.0
207_bbox0.jpg,申し訳ありませんが、この画像からは判断でき,207.jpg,207.txt,0,1.0
207_bbox1.jpg,YES,207.jpg,207.txt,1,0.0
208_bbox0.jpg,YES,208.jpg,208.txt,0,0.0
209_bbox0.jpg,NO,209.jpg,209.txt,0,0.0
21_bbox0.jpg,YES,21.jpg,21.txt,0,1.0
210_bbox0.jpg,YES,210.jpg,210.txt,0,0.0
211_bbox0.jpg,YES,211.jpg,211.txt,0,0.0
212_bbox0.jpg,YES,212.jpg,212.txt,0,0.0
213_bbox0.jpg,NO,213.jpg,213.txt,0,0.0
214_bbox0.jpg,YES,214.jpg,214.txt,0,1.0
215_bbox0.jpg,YES,215.jpg,215.txt,0,0.0
216_bbox0.jpg,YES,216.jpg,216.txt,0,0.0
217_bbox0.jpg,YES,217.jpg,217.txt,0,0.0
218_bbox0.jpg,YES,218.jpg,218.txt,0,1.0
219_bbox0.jpg,YES,219.jpg,219.txt,0,0.0
219_bbox1.jpg,申し訳ありませんが、これが日本のナ,219.jpg,219.txt,1,1.0
22_bbox0.jpg,NO,22.jpg,22.txt,0,1.0
220_bbox0.jpg,YES,220.jpg,220.txt,0,1.0
221_bbox0.jpg,YES,221.jpg,221.txt,0,0.0
222_bbox0.jpg,YES,222.jpg,222.txt,0,0.0
223_bbox0.jpg,YES,223.jpg,223.txt,0,0.0
224_bbox0.jpg,Yes,224.jpg,224.txt,0,0.0
225_bbox0.jpg,YES,225.jpg,225.txt,0,1.0
225_bbox1.jpg,YES,225.jpg,225.txt,1,0.0
226_bbox0.jpg,NO,226.jpg,226.txt,0,1.0
227_bbox0.jpg,YES,227.jpg,227.txt,0,0.0
228_bbox0.jpg,YES,228.jpg,228.txt,0,1.0
228_bbox1.jpg,NO,228.jpg,228.txt,1,0.0
229_bbox0.jpg,YES,229.jpg,229.txt,0,0.0
23_bbox0.jpg,YES,23.jpg,23.txt,0,0.0
23_bbox1.jpg,申し訳ありませんが、この画像からは判断でき,23.jpg,23.txt,1,1.0
230_bbox0.jpg,YES,230.jpg,230.txt,0,0.0
231_bbox0.jpg,YES,231.jpg,231.txt,0,0.0
232_bbox0.jpg,YES,232.jpg,232.txt,0,0.0
233_bbox0.jpg,YES,233.jpg,233.txt,0,0.0
234_bbox0.jpg,YES,234.jpg,234.txt,0,0.0
235_bbox0.jpg,YES,235.jpg,235.txt,0,0.0
236_bbox0.jpg,YES,236.jpg,236.txt,0,0.0
237_bbox0.jpg,YES,237.jpg,237.txt,0,0.0
238_bbox0.jpg,YES,238.jpg,238.txt,0,0.0
239_bbox0.jpg,YES,239.jpg,239.txt,0,0.0
24_bbox0.jpg,申し訳ありませんが、画像から特定の,24.jpg,24.txt,0,1.0
240_bbox0.jpg,YES,240.jpg,240.txt,0,0.0
241_bbox0.jpg,YES,241.jpg,241.txt,0,0.0
242_bbox0.jpg,YES,242.jpg,242.txt,0,0.0
243_bbox0.jpg,YES,243.jpg,243.txt,0,0.0
243_bbox1.jpg,申し訳ありませんが、画像から特定する,243.jpg,243.txt,1,1.0
244_bbox0.jpg,YES,244.jpg,244.txt,0,0.0
245_bbox0.jpg,NO,245.jpg,245.txt,0,1.0
246_bbox0.jpg,YES,246.jpg,246.txt,0,0.0
247_bbox0.jpg,YES,247.jpg,247.txt,0,0.0
248_bbox0.jpg,Yes,248.jpg,248.txt,0,1.0
249_bbox0.jpg,YES,249.jpg,249.txt,0,0.0
25_bbox0.jpg,YES,25.jpg,25.txt,0,0.0
250_bbox0.jpg,YES,250.jpg,250.txt,0,0.0
250_bbox1.jpg,YES,250.jpg,250.txt,1,0.0
251_bbox0.jpg,YES,251.jpg,251.txt,0,0.0
252_bbox0.jpg,YES,252.jpg,252.txt,0,0.0
253_bbox0.jpg,YES,253.jpg,253.txt,0,0.0
253_bbox1.jpg,YES,253.jpg,253.txt,1,1.0
254_bbox0.jpg,YES,254.jpg,254.txt,0,0.0
254_bbox1.jpg,YES,254.jpg,254.txt,1,0.0
255_bbox0.jpg,YES,255.jpg,255.txt,0,0.0
256_bbox0.jpg,YES,256.jpg,256.txt,0,0.0
256_bbox1.jpg,YES,256.jpg,256.txt,1,1.0
257_bbox0.jpg,NO,257.jpg,257.txt,0,0.0
258_bbox0.jpg,YES,258.jpg,258.txt,0,0.0
258_bbox1.jpg,YES,258.jpg,258.txt,1,1.0
259_bbox0.jpg,YES,259.jpg,259.txt,0,0.0
26_bbox0.jpg,YES,26.jpg,26.txt,0,0.0
260_bbox0.jpg,YES,260.jpg,260.txt,0,0.0
260_bbox1.jpg,申し訳ありませんが、この画像からは判断でき,260.jpg,260.txt,1,1.0
261_bbox0.jpg,YES,261.jpg,261.txt,0,0.0
261_bbox1.jpg,画像が不明瞭で、日本のナ,261.jpg,261.txt,1,1.0
262_bbox0.jpg,YES,262.jpg,262.txt,0,0.0
263_bbox0.jpg,YES,263.jpg,263.txt,0,0.0
264_bbox0.jpg,YES,264.jpg,264.txt,0,1.0
265_bbox0.jpg,YES,265.jpg,265.txt,0,0.0
266_bbox0.jpg,YES,266.jpg,266.txt,0,0.0
267_bbox0.jpg,YES,267.jpg,267.txt,0,0.0
268_bbox0.jpg,YES,268.jpg,268.txt,0,0.0
269_bbox0.jpg,YES,269.jpg,269.txt,0,0.0
27_bbox0.jpg,YES,27.jpg,27.txt,0,0.0
27_bbox1.jpg,申し訳ありませんが、この画像からは判断でき,27.jpg,27.txt,1,1.0
270_bbox0.jpg,YES,270.jpg,270.txt,0,0.0
271_bbox0.jpg,YES,271.jpg,271.txt,0,0.0
272_bbox0.jpg,YES,272.jpg,272.txt,0,1.0
272_bbox1.jpg,YES,272.jpg,272.txt,1,0.0
273_bbox0.jpg,YES,273.jpg,273.txt,0,0.0
274_bbox0.jpg,YES,274.jpg,274.txt,0,0.0
275_bbox0.jpg,NO,275.jpg,275.txt,0,0.0
276_bbox0.jpg,NO,276.jpg,276.txt,0,0.0
277_bbox0.jpg,YES,277.jpg,277.txt,0,0.0
278_bbox0.jpg,YES,278.jpg,278.txt,0,0.0
279_bbox0.jpg,YES,279.jpg,279.txt,0,0.0
28_bbox0.jpg,YES,28.jpg,28.txt,0,0.0
280_bbox0.jpg,YES,280.jpg,280.txt,0,0.0
280_bbox1.jpg,申し訳ありませんが、この画像からは日本の,280.jpg,280.txt,1,1.0
281_bbox0.jpg,YES,281.jpg,281.txt,0,0.0
282_bbox0.jpg,YES,282.jpg,282.txt,0,0.0
283_bbox0.jpg,YES,283.jpg,283.txt,0,0.0
284_bbox0.jpg,YES,284.jpg,284.txt,0,0.0
285_bbox0.jpg,YES,285.jpg,285.txt,0,0.0
286_bbox0.jpg,YES,286.jpg,286.txt,0,0.0
286_bbox1.jpg,画像が不鮮明で詳細を確認,286.jpg,286.txt,1,1.0
287_bbox0.jpg,YES,287.jpg,287.txt,0,0.0
288_bbox0.jpg,YES,288.jpg,288.txt,0,0.0
289_bbox0.jpg,YES,289.jpg,289.txt,0,0.0
289_bbox1.jpg,申し訳ありませんが、画像を見て日本,289.jpg,289.txt,1,0.0
29_bbox0.jpg,YES,29.jpg,29.txt,0,0.0
290_bbox0.jpg,YES,290.jpg,290.txt,0,0.0
291_bbox0.jpg,YES,291.jpg,291.txt,0,0.0
292_bbox0.jpg,NO,292.jpg,292.txt,0,0.0
293_bbox0.jpg,YES,293.jpg,293.txt,0,0.0
294_bbox0.jpg,YES,294.jpg,294.txt,0,0.0
294_bbox1.jpg,YES,294.jpg,294.txt,1,0.0
295_bbox0.jpg,YES,295.jpg,295.txt,0,0.0
296_bbox0.jpg,YES,296.jpg,296.txt,0,0.0
297_bbox0.jpg,NO,297.jpg,297.txt,0,0.0
298_bbox0.jpg,YES,298.jpg,298.txt,0,0.0
298_bbox1.jpg,申し訳ありませんが、画像から日本のナ,298.jpg,298.txt,1,1.0
299_bbox0.jpg,YES,299.jpg,299.txt,0,0.0
3_bbox0.jpg,YES,3.jpg,3.txt,0,0.0
30_bbox0.jpg,YES,30.jpg,30.txt,0,0.0
300_bbox0.jpg,YES,300.jpg,300.txt,0,0.0
301_bbox0.jpg,YES,301.jpg,301.txt,0,0.0
302_bbox0.jpg,YES,302.jpg,302.txt,0,0.0
302_bbox1.jpg,画像が不鮮明で詳しく確認,302.jpg,302.txt,1,1.0
303_bbox0.jpg,YES,303.jpg,303.txt,0,0.0
304_bbox0.jpg,YES,304.jpg,304.txt,0,1.0
305_bbox0.jpg,YES,305.jpg,305.txt,0,0.0
305_bbox1.jpg,YES,305.jpg,305.txt,1,1.0
306_bbox0.jpg,YES,306.jpg,306.txt,0,1.0
306_bbox1.jpg,YES,306.jpg,306.txt,1,0.0
307_bbox0.jpg,YES,307.jpg,307.txt,0,0.0
308_bbox0.jpg,YES,308.jpg,308.txt,0,0.0
309_bbox0.jpg,YES,309.jpg,309.txt,0,0.0
31_bbox0.jpg,YES,31.jpg,31.txt,0,0.0
310_bbox0.jpg,YES,310.jpg,310.txt,0,0.0
311_bbox0.jpg,YES,311.jpg,311.txt,0,0.0
312_bbox0.jpg,YES,312.jpg,312.txt,0,0.0
312_bbox1.jpg,NO,312.jpg,312.txt,1,1.0
313_bbox0.jpg,YES,313.jpg,313.txt,0,0.0
314_bbox0.jpg,YES,314.jpg,314.txt,0,0.0
315_bbox0.jpg,YES,315.jpg,315.txt,0,0.0
316_bbox0.jpg,YES,316.jpg,316.txt,0,0.0
317_bbox0.jpg,YES,317.jpg,317.txt,0,0.0
318_bbox0.jpg,申し訳ありませんが、画像を基にした,318.jpg,318.txt,0,1.0
319_bbox0.jpg,YES,319.jpg,319.txt,0,0.0
32_bbox0.jpg,YES,32.jpg,32.txt,0,0.0
320_bbox0.jpg,YES,320.jpg,320.txt,0,0.0
321_bbox0.jpg,YES,321.jpg,321.txt,0,0.0
322_bbox0.jpg,YES,322.jpg,322.txt,0,0.0
323_bbox0.jpg,YES,323.jpg,323.txt,0,0.0
324_bbox0.jpg,YES,324.jpg,324.txt,0,0.0
325_bbox0.jpg,Yes,325.jpg,325.txt,0,0.0
326_bbox0.jpg,YES,326.jpg,326.txt,0,0.0
327_bbox0.jpg,NO,327.jpg,327.txt,0,0.0
328_bbox0.jpg,YES,328.jpg,328.txt,0,0.0
329_bbox0.jpg,YES,329.jpg,329.txt,0,0.0
33_bbox0.jpg,YES,33.jpg,33.txt,0,0.0
330_bbox0.jpg,YES,330.jpg,330.txt,0,0.0
331_bbox0.jpg,YES,331.jpg,331.txt,0,0.0
332_bbox0.jpg,YES,332.jpg,332.txt,0,0.0
333_bbox0.jpg,YES,333.jpg,333.txt,0,0.0
334_bbox0.jpg,YES,334.jpg,334.txt,0,0.0
335_bbox0.jpg,YES,335.jpg,335.txt,0,0.0
335_bbox1.jpg,YES,335.jpg,335.txt,1,0.0
336_bbox0.jpg,YES,336.jpg,336.txt,0,0.0
337_bbox0.jpg,YES,337.jpg,337.txt,0,0.0
338_bbox0.jpg,YES,338.jpg,338.txt,0,0.0
339_bbox0.jpg,YES,339.jpg,339.txt,0,0.0
34_bbox0.jpg,YES,34.jpg,34.txt,0,0.0
340_bbox0.jpg,YES,340.jpg,340.txt,0,0.0
341_bbox0.jpg,YES,341.jpg,341.txt,0,0.0
342_bbox0.jpg,YES,342.jpg,342.txt,0,0.0
342_bbox1.jpg,YES,342.jpg,342.txt,1,0.0
343_bbox0.jpg,YES,343.jpg,343.txt,0,0.0
344_bbox0.jpg,YES,344.jpg,344.txt,0,0.0
345_bbox0.jpg,Yes,345.jpg,345.txt,0,0.0
346_bbox0.jpg,YES,346.jpg,346.txt,0,0.0
347_bbox0.jpg,YES,347.jpg,347.txt,0,0.0
348_bbox0.jpg,YES,348.jpg,348.txt,0,0.0
349_bbox0.jpg,YES,349.jpg,349.txt,0,0.0
35_bbox0.jpg,YES,35.jpg,35.txt,0,0.0
350_bbox0.jpg,NO,350.jpg,350.txt,0,0.0
351_bbox0.jpg,YES,351.jpg,351.txt,0,1.0
352_bbox0.jpg,YES,352.jpg,352.txt,0,0.0
353_bbox0.jpg,NO,353.jpg,353.txt,0,0.0
354_bbox0.jpg,NO,354.jpg,354.txt,0,0.0
355_bbox0.jpg,YES,355.jpg,355.txt,0,0.0
356_bbox0.jpg,YES,356.jpg,356.txt,0,0.0
357_bbox0.jpg,YES,357.jpg,357.txt,0,0.0
358_bbox0.jpg,YES,358.jpg,358.txt,0,0.0
359_bbox0.jpg,NO,359.jpg,359.txt,0,0.0
36_bbox0.jpg,YES,36.jpg,36.txt,0,0.0
36_bbox1.jpg,YES,36.jpg,36.txt,1,1.0
360_bbox0.jpg,YES,360.jpg,360.txt,0,0.0
361_bbox0.jpg,YES,361.jpg,361.txt,0,0.0
362_bbox0.jpg,YES,362.jpg,362.txt,0,0.0
363_bbox0.jpg,YES,363.jpg,363.txt,0,0.0
364_bbox0.jpg,YES,364.jpg,364.txt,0,0.0
365_bbox0.jpg,YES,365.jpg,365.txt,0,0.0
365_bbox1.jpg,NO,365.jpg,365.txt,1,1.0
366_bbox0.jpg,YES,366.jpg,366.txt,0,0.0
367_bbox0.jpg,YES,367.jpg,367.txt,0,0.0
368_bbox0.jpg,NO,368.jpg,368.txt,0,0.0
369_bbox0.jpg,YES,369.jpg,369.txt,0,0.0
37_bbox0.jpg,YES,37.jpg,37.txt,0,0.0
370_bbox0.jpg,YES,370.jpg,370.txt,0,0.0
371_bbox0.jpg,YES,371.jpg,371.txt,0,0.0
371_bbox1.jpg,YES,371.jpg,371.txt,1,1.0
372_bbox0.jpg,YES,372.jpg,372.txt,0,0.0
372_bbox1.jpg,申し訳ありませんが、この画像からは判断でき,372.jpg,372.txt,1,1.0
373_bbox0.jpg,NO,373.jpg,373.txt,0,0.0
374_bbox0.jpg,画像では、日本の車のナンバープ,374.jpg,374.txt,0,1.0
375_bbox0.jpg,YES,375.jpg,375.txt,0,0.0
376_bbox0.jpg,YES,376.jpg,376.txt,0,0.0
377_bbox0.jpg,NO,377.jpg,377.txt,0,1.0
377_bbox1.jpg,YES,377.jpg,377.txt,1,0.0
378_bbox0.jpg,Yes,378.jpg,378.txt,0,0.0
379_bbox0.jpg,YES,379.jpg,379.txt,0,0.0
379_bbox1.jpg,いいえ。,379.jpg,379.txt,1,1.0
38_bbox0.jpg,YES,38.jpg,38.txt,0,0.0
380_bbox0.jpg,YES,380.jpg,380.txt,0,0.0
381_bbox0.jpg,YES,381.jpg,381.txt,0,0.0
382_bbox0.jpg,YES,382.jpg,382.txt,0,0.0
383_bbox0.jpg,YES,383.jpg,383.txt,0,0.0
384_bbox0.jpg,YES,384.jpg,384.txt,0,0.0
385_bbox0.jpg,YES,385.jpg,385.txt,0,0.0
386_bbox0.jpg,YES,386.jpg,386.txt,0,0.0
386_bbox1.jpg,NO,386.jpg,386.txt,1,0.0
387_bbox0.jpg,NO,387.jpg,387.txt,0,0.0
388_bbox0.jpg,YES,388.jpg,388.txt,0,0.0
389_bbox0.jpg,YES,389.jpg,389.txt,0,1.0
39_bbox0.jpg,YES,39.jpg,39.txt,0,0.0
39_bbox1.jpg,YES,39.jpg,39.txt,1,1.0
390_bbox0.jpg,YES,390.jpg,390.txt,0,0.0
391_bbox0.jpg,YES,391.jpg,391.txt,0,0.0
392_bbox0.jpg,YES,392.jpg,392.txt,0,0.0
393_bbox0.jpg,YES,393.jpg,393.txt,0,0.0
394_bbox0.jpg,YES,394.jpg,394.txt,0,0.0
394_bbox1.jpg,いいえ。,394.jpg,394.txt,1,1.0
395_bbox0.jpg,YES,395.jpg,395.txt,0,0.0
396_bbox0.jpg,YES,396.jpg,396.txt,0,0.0
396_bbox1.jpg,NO,396.jpg,396.txt,1,1.0
397_bbox0.jpg,YES,397.jpg,397.txt,0,0.0
398_bbox0.jpg,YES,398.jpg,398.txt,0,0.0
399_bbox0.jpg,YES,399.jpg,399.txt,0,0.0
4_bbox0.jpg,YES,4.jpg,4.txt,0,0.0
40_bbox0.jpg,YES,40.jpg,40.txt,0,0.0
400_bbox0.jpg,YES,400.jpg,400.txt,0,0.0
401_bbox0.jpg,Yes,401.jpg,401.txt,0,0.0
401_bbox1.jpg,NO,401.jpg,401.txt,1,1.0
402_bbox0.jpg,YES,402.jpg,402.txt,0,0.0
403_bbox0.jpg,YES,403.jpg,403.txt,0,0.0
403_bbox1.jpg,NO,403.jpg,403.txt,1,1.0
404_bbox0.jpg,YES,404.jpg,404.txt,0,0.0
405_bbox0.jpg,YES,405.jpg,405.txt,0,1.0
405_bbox1.jpg,YES,405.jpg,405.txt,1,0.0
406_bbox0.jpg,YES,406.jpg,406.txt,0,0.0
407_bbox0.jpg,YES,407.jpg,407.txt,0,0.0
407_bbox1.jpg,YES,407.jpg,407.txt,1,1.0
408_bbox0.jpg,YES,408.jpg,408.txt,0,0.0
409_bbox0.jpg,YES,409.jpg,409.txt,0,0.0
41_bbox0.jpg,YES,41.jpg,41.txt,0,0.0
410_bbox0.jpg,YES,410.jpg,410.txt,0,0.0
411_bbox0.jpg,YES,411.jpg,411.txt,0,0.0
412_bbox0.jpg,NO,412.jpg,412.txt,0,0.0
413_bbox0.jpg,YES,413.jpg,413.txt,0,0.0
413_bbox1.jpg,NO,413.jpg,413.txt,1,1.0
414_bbox0.jpg,YES,414.jpg,414.txt,0,0.0
415_bbox0.jpg,YES,415.jpg,415.txt,0,0.0
416_bbox0.jpg,YES,416.jpg,416.txt,0,0.0
417_bbox0.jpg,NO,417.jpg,417.txt,0,0.0
418_bbox0.jpg,YES,418.jpg,418.txt,0,0.0
419_bbox0.jpg,YES,419.jpg,419.txt,0,0.0
419_bbox1.jpg,申し訳ありませんが、この画像からは日本の,419.jpg,419.txt,1,1.0
42_bbox0.jpg,YES,42.jpg,42.txt,0,0.0
420_bbox0.jpg,YES,420.jpg,420.txt,0,0.0
421_bbox0.jpg,YES,421.jpg,421.txt,0,0.0
422_bbox0.jpg,NO,422.jpg,422.txt,0,0.0
423_bbox0.jpg,YES,423.jpg,423.txt,0,0.0
424_bbox0.jpg,NO,424.jpg,424.txt,0,0.0
425_bbox0.jpg,YES,425.jpg,425.txt,0,0.0
426_bbox0.jpg,NO,426.jpg,426.txt,0,0.0
426_bbox1.jpg,YES,426.jpg,426.txt,1,0.0
427_bbox0.jpg,NO,427.jpg,427.txt,0,0.0
428_bbox0.jpg,NO,428.jpg,428.txt,0,0.0
429_bbox0.jpg,YES,429.jpg,429.txt,0,0.0
43_bbox0.jpg,YES,43.jpg,43.txt,0,0.0
430_bbox0.jpg,YES,430.jpg,430.txt,0,0.0
431_bbox0.jpg,YES,431.jpg,431.txt,0,0.0
432_bbox0.jpg,YES,432.jpg,432.txt,0,0.0
433_bbox0.jpg,YES,433.jpg,433.txt,0,0.0
433_bbox1.jpg,YES,433.jpg,433.txt,1,0.0
434_bbox0.jpg,NO,434.jpg,434.txt,0,0.0
435_bbox0.jpg,YES,435.jpg,435.txt,0,0.0
435_bbox1.jpg,NO,435.jpg,435.txt,1,1.0
436_bbox0.jpg,YES,436.jpg,436.txt,0,0.0
437_bbox0.jpg,YES,437.jpg,437.txt,0,0.0
438_bbox0.jpg,NO,438.jpg,438.txt,0,0.0
439_bbox0.jpg,YES,439.jpg,439.txt,0,0.0
44_bbox0.jpg,YES,44.jpg,44.txt,0,0.0
440_bbox0.jpg,YES,440.jpg,440.txt,0,0.0
441_bbox0.jpg,YES,441.jpg,441.txt,0,0.0
441_bbox1.jpg,YES,441.jpg,441.txt,1,1.0
442_bbox0.jpg,YES,442.jpg,442.txt,0,0.0
443_bbox0.jpg,YES,443.jpg,443.txt,0,0.0
444_bbox0.jpg,YES,444.jpg,444.txt,0,0.0
444_bbox1.jpg,YES,444.jpg,444.txt,1,1.0
445_bbox0.jpg,YES,445.jpg,445.txt,0,0.0
446_bbox0.jpg,YES,446.jpg,446.txt,0,0.0
447_bbox0.jpg,YES,447.jpg,447.txt,0,0.0
448_bbox0.jpg,YES,448.jpg,448.txt,0,0.0
449_bbox0.jpg,YES,449.jpg,449.txt,0,0.0
45_bbox0.jpg,YES,45.jpg,45.txt,0,0.0
45_bbox1.jpg,YES,45.jpg,45.txt,1,1.0
450_bbox0.jpg,YES,450.jpg,450.txt,0,0.0
451_bbox0.jpg,NO,451.jpg,451.txt,0,0.0
452_bbox0.jpg,YES,452.jpg,452.txt,0,0.0
453_bbox0.jpg,YES,453.jpg,453.txt,0,0.0
454_bbox0.jpg,NO,454.jpg,454.txt,0,0.0
454_bbox1.jpg,NO,454.jpg,454.txt,1,1.0
454_bbox2.jpg,NO,454.jpg,454.txt,2,1.0
455_bbox0.jpg,YES,455.jpg,455.txt,0,0.0
456_bbox0.jpg,YES,456.jpg,456.txt,0,0.0
457_bbox0.jpg,YES,457.jpg,457.txt,0,0.0
458_bbox0.jpg,YES,458.jpg,458.txt,0,0.0
459_bbox0.jpg,YES,459.jpg,459.txt,0,0.0
46_bbox0.jpg,NO,46.jpg,46.txt,0,0.0
460_bbox0.jpg,YES,460.jpg,460.txt,0,0.0
461_bbox0.jpg,YES,461.jpg,461.txt,0,0.0
462_bbox0.jpg,YES,462.jpg,462.txt,0,0.0
463_bbox0.jpg,はい、これは日本の車のナンバ,463.jpg,463.txt,0,0.0
464_bbox0.jpg,YES,464.jpg,464.txt,0,0.0
465_bbox0.jpg,YES,465.jpg,465.txt,0,0.0
466_bbox0.jpg,YES,466.jpg,466.txt,0,0.0
466_bbox1.jpg,NO,466.jpg,466.txt,1,0.0
466_bbox2.jpg,NO,466.jpg,466.txt,2,1.0
467_bbox0.jpg,YES,467.jpg,467.txt,0,0.0
468_bbox0.jpg,Yes,468.jpg,468.txt,0,0.0
469_bbox0.jpg,NO,469.jpg,469.txt,0,0.0
47_bbox0.jpg,画像では、日本のナンバープレート,47.jpg,47.txt,0,1.0
470_bbox0.jpg,YES,470.jpg,470.txt,0,0.0
471_bbox0.jpg,YES,471.jpg,471.txt,0,0.0
472_bbox0.jpg,YES,472.jpg,472.txt,0,0.0
473_bbox0.jpg,YES,473.jpg,473.txt,0,0.0
474_bbox0.jpg,YES,474.jpg,474.txt,0,0.0
475_bbox0.jpg,YES,475.jpg,475.txt,0,0.0
476_bbox0.jpg,YES,476.jpg,476.txt,0,0.0
477_bbox0.jpg,はい。,477.jpg,477.txt,0,0.0
478_bbox0.jpg,YES,478.jpg,478.txt,0,0.0
479_bbox0.jpg,YES,479.jpg,479.txt,0,0.0
48_bbox0.jpg,YES,48.jpg,48.txt,0,0.0
48_bbox1.jpg,NO,48.jpg,48.txt,1,0.0
480_bbox0.jpg,YES,480.jpg,480.txt,0,0.0
481_bbox0.jpg,NO,481.jpg,481.txt,0,0.0
482_bbox0.jpg,YES,482.jpg,482.txt,0,0.0
483_bbox0.jpg,YES,483.jpg,483.txt,0,0.0
484_bbox0.jpg,YES,484.jpg,484.txt,0,0.0
485_bbox0.jpg,NO,485.jpg,485.txt,0,0.0
486_bbox0.jpg,YES,486.jpg,486.txt,0,0.0
487_bbox0.jpg,YES,487.jpg,487.txt,0,1.0
488_bbox0.jpg,YES,488.jpg,488.txt,0,0.0
489_bbox0.jpg,YES,489.jpg,489.txt,0,0.0
49_bbox0.jpg,YES,49.jpg,49.txt,0,0.0
490_bbox0.jpg,YES,490.jpg,490.txt,0,0.0
491_bbox0.jpg,YES,491.jpg,491.txt,0,0.0
491_bbox1.jpg,NO,491.jpg,491.txt,1,0.0
492_bbox0.jpg,YES,492.jpg,492.txt,0,0.0
493_bbox0.jpg,YES,493.jpg,493.txt,0,0.0
494_bbox0.jpg,YES,494.jpg,494.txt,0,0.0
495_bbox0.jpg,YES,495.jpg,495.txt,0,0.0
496_bbox0.jpg,YES,496.jpg,496.txt,0,0.0
496_bbox1.jpg,YES,496.jpg,496.txt,1,0.0
496_bbox2.jpg,YES,496.jpg,496.txt,2,1.0
497_bbox0.jpg,YES,497.jpg,497.txt,0,0.0
498_bbox0.jpg,YES,498.jpg,498.txt,0,0.0
498_bbox1.jpg,YES,498.jpg,498.txt,1,0.0
499_bbox0.jpg,YES,499.jpg,499.txt,0,0.0
5_bbox0.jpg,YES,5.jpg,5.txt,0,0.0
50_bbox0.jpg,YES,50.jpg,50.txt,0,0.0
500_bbox0.jpg,YES,500.jpg,500.txt,0,0.0
501_bbox0.jpg,YES,501.jpg,501.txt,0,0.0
502_bbox0.jpg,YES,502.jpg,502.txt,0,0.0
503_bbox0.jpg,YES,503.jpg,503.txt,0,0.0
504_bbox0.jpg,YES,504.jpg,504.txt,0,0.0
505_bbox0.jpg,YES,505.jpg,505.txt,0,0.0
506_bbox0.jpg,YES,506.jpg,506.txt,0,0.0
507_bbox0.jpg,YES,507.jpg,507.txt,0,0.0
508_bbox0.jpg,YES,508.jpg,508.txt,0,0.0
509_bbox0.jpg,YES,509.jpg,509.txt,0,0.0
51_bbox0.jpg,NO,51.jpg,51.txt,0,0.0
51_bbox1.jpg,申し訳ありませんが、この画像から特定する,51.jpg,51.txt,1,1.0
510_bbox0.jpg,YES,510.jpg,510.txt,0,0.0
511_bbox0.jpg,YES,511.jpg,511.txt,0,0.0
512_bbox0.jpg,YES,512.jpg,512.txt,0,0.0
513_bbox0.jpg,YES,513.jpg,513.txt,0,0.0
514_bbox0.jpg,YES,514.jpg,514.txt,0,0.0
515_bbox0.jpg,YES,515.jpg,515.txt,0,0.0
516_bbox0.jpg,画像の詳細が不鮮明で、日本,516.jpg,516.txt,0,0.0
517_bbox0.jpg,YES,517.jpg,517.txt,0,0.0
518_bbox0.jpg,YES,518.jpg,518.txt,0,0.0
519_bbox0.jpg,YES,519.jpg,519.txt,0,0.0
52_bbox0.jpg,YES,52.jpg,52.txt,0,0.0
520_bbox0.jpg,NO,520.jpg,520.txt,0,0.0
521_bbox0.jpg,YES,521.jpg,521.txt,0,0.0
522_bbox0.jpg,YES,522.jpg,522.txt,0,1.0
523_bbox0.jpg,YES,523.jpg,523.txt,0,0.0
524_bbox0.jpg,YES,524.jpg,524.txt,0,0.0
525_bbox0.jpg,YES,525.jpg,525.txt,0,0.0
526_bbox0.jpg,YES,526.jpg,526.txt,0,0.0
527_bbox0.jpg,YES,527.jpg,527.txt,0,0.0
528_bbox0.jpg,YES,528.jpg,528.txt,0,0.0
529_bbox0.jpg,YES,529.jpg,529.txt,0,0.0
53_bbox0.jpg,いいえ。,53.jpg,53.txt,0,1.0
530_bbox0.jpg,YES,530.jpg,530.txt,0,0.0
531_bbox0.jpg,YES,531.jpg,531.txt,0,0.0
532_bbox0.jpg,YES,532.jpg,532.txt,0,0.0
533_bbox0.jpg,YES,533.jpg,533.txt,0,0.0
534_bbox0.jpg,YES,534.jpg,534.txt,0,0.0
535_bbox0.jpg,YES,535.jpg,535.txt,0,0.0
536_bbox0.jpg,いいえ。,536.jpg,536.txt,0,0.0
537_bbox0.jpg,NO,537.jpg,537.txt,0,0.0
538_bbox0.jpg,申し訳ありませんが、画像でナンバ,538.jpg,538.txt,0,0.0
539_bbox0.jpg,NO,539.jpg,539.txt,0,0.0
54_bbox0.jpg,YES,54.jpg,54.txt,0,0.0
540_bbox0.jpg,YES,540.jpg,540.txt,0,0.0
540_bbox1.jpg,YES,540.jpg,540.txt,1,0.0
541_bbox0.jpg,YES,541.jpg,541.txt,0,0.0
542_bbox0.jpg,YES,542.jpg,542.txt,0,0.0
543_bbox0.jpg,NO,543.jpg,543.txt,0,0.0
544_bbox0.jpg,YES,544.jpg,544.txt,0,0.0
545_bbox0.jpg,YES,545.jpg,545.txt,0,0.0
546_bbox0.jpg,YES,546.jpg,546.txt,0,0.0
547_bbox0.jpg,YES,547.jpg,547.txt,0,0.0
548_bbox0.jpg,YES,548.jpg,548.txt,0,0.0
549_bbox0.jpg,YES,549.jpg,549.txt,0,0.0
55_bbox0.jpg,YES,55.jpg,55.txt,0,0.0
550_bbox0.jpg,YES,550.jpg,550.txt,0,0.0
550_bbox1.jpg,YES,550.jpg,550.txt,1,1.0
550_bbox2.jpg,YES,550.jpg,550.txt,2,0.0
551_bbox0.jpg,YES,551.jpg,551.txt,0,0.0
552_bbox0.jpg,YES,552.jpg,552.txt,0,0.0
553_bbox0.jpg,YES,553.jpg,553.txt,0,0.0
554_bbox0.jpg,はい、これは日本の車のナンバ,554.jpg,554.txt,0,0.0
555_bbox0.jpg,YES,555.jpg,555.txt,0,0.0
556_bbox0.jpg,YES,556.jpg,556.txt,0,0.0
556_bbox1.jpg,NO,556.jpg,556.txt,1,0.0
556_bbox2.jpg,NO,556.jpg,556.txt,2,1.0
557_bbox0.jpg,YES,557.jpg,557.txt,0,0.0
557_bbox1.jpg,YES,557.jpg,557.txt,1,0.0
558_bbox0.jpg,YES,558.jpg,558.txt,0,0.0
559_bbox0.jpg,YES,559.jpg,559.txt,0,0.0
56_bbox0.jpg,YES,56.jpg,56.txt,0,0.0
560_bbox0.jpg,YES,560.jpg,560.txt,0,0.0
561_bbox0.jpg,NO,561.jpg,561.txt,0,0.0
562_bbox0.jpg,YES,562.jpg,562.txt,0,0.0
563_bbox0.jpg,NO,563.jpg,563.txt,0,0.0
564_bbox0.jpg,YES,564.jpg,564.txt,0,0.0
565_bbox0.jpg,はい、これは日本の車のナンバ,565.jpg,565.txt,0,0.0
566_bbox0.jpg,YES,566.jpg,566.txt,0,0.0
567_bbox0.jpg,YES,567.jpg,567.txt,0,0.0
568_bbox0.jpg,YES,568.jpg,568.txt,0,0.0
569_bbox0.jpg,YES,569.jpg,569.txt,0,0.0
57_bbox0.jpg,YES,57.jpg,57.txt,0,0.0
570_bbox0.jpg,YES,570.jpg,570.txt,0,0.0
570_bbox1.jpg,YES,570.jpg,570.txt,1,1.0
571_bbox0.jpg,YES,571.jpg,571.txt,0,0.0
572_bbox0.jpg,YES,572.jpg,572.txt,0,0.0
572_bbox1.jpg,NO,572.jpg,572.txt,1,0.0
572_bbox2.jpg,NO,572.jpg,572.txt,2,1.0
573_bbox0.jpg,YES,573.jpg,573.txt,0,0.0
574_bbox0.jpg,Yes,574.jpg,574.txt,0,0.0
575_bbox0.jpg,YES,575.jpg,575.txt,0,0.0
576_bbox0.jpg,YES,576.jpg,576.txt,0,0.0
577_bbox0.jpg,YES,577.jpg,577.txt,0,0.0
578_bbox0.jpg,YES,578.jpg,578.txt,0,0.0
579_bbox0.jpg,YES,579.jpg,579.txt,0,0.0
58_bbox0.jpg,NO,58.jpg,58.txt,0,0.0
580_bbox0.jpg,YES,580.jpg,580.txt,0,0.0
581_bbox0.jpg,YES,581.jpg,581.txt,0,0.0
582_bbox0.jpg,YES,582.jpg,582.txt,0,0.0
583_bbox0.jpg,YES,583.jpg,583.txt,0,0.0
584_bbox0.jpg,YES,584.jpg,584.txt,0,0.0
585_bbox0.jpg,NO,585.jpg,585.txt,0,0.0
586_bbox0.jpg,YES,586.jpg,586.txt,0,0.0
587_bbox0.jpg,YES,587.jpg,587.txt,0,0.0
588_bbox0.jpg,YES,588.jpg,588.txt,0,0.0
589_bbox0.jpg,YES,589.jpg,589.txt,0,0.0
59_bbox0.jpg,YES,59.jpg,59.txt,0,0.0
590_bbox0.jpg,YES,590.jpg,590.txt,0,0.0
591_bbox0.jpg,YES,591.jpg,591.txt,0,0.0
592_bbox0.jpg,YES,592.jpg,592.txt,0,0.0
593_bbox0.jpg,YES,593.jpg,593.txt,0,0.0
594_bbox0.jpg,YES,594.jpg,594.txt,0,0.0
595_bbox0.jpg,YES,595.jpg,595.txt,0,0.0
596_bbox0.jpg,YES,596.jpg,596.txt,0,0.0
597_bbox0.jpg,YES,597.jpg,597.txt,0,0.0
598_bbox0.jpg,YES,598.jpg,598.txt,0,0.0
599_bbox0.jpg,NO,599.jpg,599.txt,0,0.0
6_bbox0.jpg,YES,6.jpg,6.txt,0,0.0
60_bbox0.jpg,YES,60.jpg,60.txt,0,0.0
600_bbox0.jpg,YES,600.jpg,600.txt,0,0.0
601_bbox0.jpg,YES,601.jpg,601.txt,0,0.0
602_bbox0.jpg,NO,602.jpg,602.txt,0,0.0
603_bbox0.jpg,YES,603.jpg,603.txt,0,0.0
603_bbox1.jpg,NO,603.jpg,603.txt,1,1.0
604_bbox0.jpg,YES,604.jpg,604.txt,0,0.0
605_bbox0.jpg,いいえ。,605.jpg,605.txt,0,0.0
606_bbox0.jpg,YES,606.jpg,606.txt,0,0.0
607_bbox0.jpg,YES,607.jpg,607.txt,0,0.0
608_bbox0.jpg,YES,608.jpg,608.txt,0,0.0
609_bbox0.jpg,YES,609.jpg,609.txt,0,0.0
61_bbox0.jpg,YES,61.jpg,61.txt,0,0.0
610_bbox0.jpg,NO,610.jpg,610.txt,0,0.0
610_bbox1.jpg,NO,610.jpg,610.txt,1,0.0
611_bbox0.jpg,YES,611.jpg,611.txt,0,0.0
612_bbox0.jpg,YES,612.jpg,612.txt,0,0.0
613_bbox0.jpg,YES,613.jpg,613.txt,0,0.0
614_bbox0.jpg,YES,614.jpg,614.txt,0,0.0
615_bbox0.jpg,NO,615.jpg,615.txt,0,0.0
616_bbox0.jpg,YES,616.jpg,616.txt,0,0.0
617_bbox0.jpg,YES,617.jpg,617.txt,0,0.0
617_bbox1.jpg,YES,617.jpg,617.txt,1,0.0
618_bbox0.jpg,YES,618.jpg,618.txt,0,0.0
619_bbox0.jpg,YES,619.jpg,619.txt,0,0.0
62_bbox0.jpg,NO,62.jpg,62.txt,0,0.0
620_bbox0.jpg,YES,620.jpg,620.txt,0,0.0
621_bbox0.jpg,NO,621.jpg,621.txt,0,0.0
621_bbox1.jpg,YES,621.jpg,621.txt,1,0.0
622_bbox0.jpg,YES,622.jpg,622.txt,0,0.0
623_bbox0.jpg,YES,623.jpg,623.txt,0,0.0
624_bbox0.jpg,NO,624.jpg,624.txt,0,0.0
625_bbox0.jpg,NO,625.jpg,625.txt,0,0.0
626_bbox0.jpg,YES,626.jpg,626.txt,0,0.0
627_bbox0.jpg,YES,627.jpg,627.txt,0,0.0
628_bbox0.jpg,YES,628.jpg,628.txt,0,0.0
629_bbox0.jpg,YES,629.jpg,629.txt,0,0.0
629_bbox1.jpg,申し訳ありませんが、画像が不鮮,629.jpg,629.txt,1,0.0
63_bbox0.jpg,YES,63.jpg,63.txt,0,0.0
630_bbox0.jpg,YES,630.jpg,630.txt,0,0.0
631_bbox0.jpg,YES,631.jpg,631.txt,0,0.0
632_bbox0.jpg,YES,632.jpg,632.txt,0,0.0
633_bbox0.jpg,YES,633.jpg,633.txt,0,0.0
634_bbox0.jpg,YES,634.jpg,634.txt,0,0.0
635_bbox0.jpg,画像に関する情報から判断できません。,635.jpg,635.txt,0,0.0
636_bbox0.jpg,YES,636.jpg,636.txt,0,0.0
637_bbox0.jpg,YES,637.jpg,637.txt,0,0.0
637_bbox1.jpg,NO,637.jpg,637.txt,1,1.0
638_bbox0.jpg,YES,638.jpg,638.txt,0,0.0
639_bbox0.jpg,YES,639.jpg,639.txt,0,0.0
64_bbox0.jpg,NO,64.jpg,64.txt,0,0.0
640_bbox0.jpg,YES,640.jpg,640.txt,0,0.0
641_bbox0.jpg,YES,641.jpg,641.txt,0,0.0
642_bbox0.jpg,YES,642.jpg,642.txt,0,0.0
643_bbox0.jpg,YES,643.jpg,643.txt,0,0.0
644_bbox0.jpg,YES,644.jpg,644.txt,0,0.0
645_bbox0.jpg,YES,645.jpg,645.txt,0,0.0
646_bbox0.jpg,NO,646.jpg,646.txt,0,0.0
647_bbox0.jpg,YES,647.jpg,647.txt,0,0.0
648_bbox0.jpg,YES,648.jpg,648.txt,0,0.0
649_bbox0.jpg,YES,649.jpg,649.txt,0,0.0
65_bbox0.jpg,YES,65.jpg,65.txt,0,0.0
650_bbox0.jpg,YES,650.jpg,650.txt,0,1.0
651_bbox0.jpg,Yes,651.jpg,651.txt,0,0.0
652_bbox0.jpg,YES,652.jpg,652.txt,0,0.0
652_bbox1.jpg,YES,652.jpg,652.txt,1,0.0
653_bbox0.jpg,YES,653.jpg,653.txt,0,0.0
654_bbox0.jpg,YES,654.jpg,654.txt,0,0.0
655_bbox0.jpg,YES,655.jpg,655.txt,0,0.0
656_bbox0.jpg,YES,656.jpg,656.txt,0,0.0
657_bbox0.jpg,YES,657.jpg,657.txt,0,0.0
658_bbox0.jpg,YES,658.jpg,658.txt,0,0.0
659_bbox0.jpg,YES,659.jpg,659.txt,0,0.0
66_bbox0.jpg,YES,66.jpg,66.txt,0,0.0
660_bbox0.jpg,YES,660.jpg,660.txt,0,0.0
661_bbox0.jpg,YES,661.jpg,661.txt,0,0.0
662_bbox0.jpg,YES,662.jpg,662.txt,0,0.0
663_bbox0.jpg,YES,663.jpg,663.txt,0,0.0
664_bbox0.jpg,NO,664.jpg,664.txt,0,0.0
665_bbox0.jpg,YES,665.jpg,665.txt,0,0.0
666_bbox0.jpg,YES,666.jpg,666.txt,0,0.0
667_bbox0.jpg,YES,667.jpg,667.txt,0,0.0
668_bbox0.jpg,YES,668.jpg,668.txt,0,0.0
669_bbox0.jpg,NO,669.jpg,669.txt,0,0.0
67_bbox0.jpg,YES,67.jpg,67.txt,0,0.0
670_bbox0.jpg,YES,670.jpg,670.txt,0,0.0
671_bbox0.jpg,YES,671.jpg,671.txt,0,0.0
672_bbox0.jpg,YES,672.jpg,672.txt,0,0.0
673_bbox0.jpg,YES,673.jpg,673.txt,0,0.0
674_bbox0.jpg,YES,674.jpg,674.txt,0,0.0
675_bbox0.jpg,YES,675.jpg,675.txt,0,0.0
676_bbox0.jpg,YES,676.jpg,676.txt,0,0.0
677_bbox0.jpg,YES,677.jpg,677.txt,0,0.0
678_bbox0.jpg,YES,678.jpg,678.txt,0,0.0
679_bbox0.jpg,YES,679.jpg,679.txt,0,0.0
68_bbox0.jpg,YES,68.jpg,68.txt,0,0.0
680_bbox0.jpg,YES,680.jpg,680.txt,0,0.0
681_bbox0.jpg,YES,681.jpg,681.txt,0,0.0
682_bbox0.jpg,YES,682.jpg,682.txt,0,0.0
683_bbox0.jpg,YES,683.jpg,683.txt,0,0.0
684_bbox0.jpg,YES,684.jpg,684.txt,0,0.0
685_bbox0.jpg,YES,685.jpg,685.txt,0,0.0
685_bbox1.jpg,いいえ。,685.jpg,685.txt,1,0.0
686_bbox0.jpg,YES,686.jpg,686.txt,0,0.0
687_bbox0.jpg,YES,687.jpg,687.txt,0,0.0
688_bbox0.jpg,YES,688.jpg,688.txt,0,0.0
689_bbox0.jpg,YES,689.jpg,689.txt,0,0.0
69_bbox0.jpg,YES,69.jpg,69.txt,0,0.0
690_bbox0.jpg,YES,690.jpg,690.txt,0,0.0
691_bbox0.jpg,YES,691.jpg,691.txt,0,0.0
691_bbox1.jpg,画像が不明瞭なため、判断,691.jpg,691.txt,1,0.0
692_bbox0.jpg,YES,692.jpg,692.txt,0,1.0
693_bbox0.jpg,YES,693.jpg,693.txt,0,0.0
694_bbox0.jpg,YES,694.jpg,694.txt,0,0.0
695_bbox0.jpg,YES,695.jpg,695.txt,0,0.0
696_bbox0.jpg,YES,696.jpg,696.txt,0,0.0
697_bbox0.jpg,YES,697.jpg,697.txt,0,0.0
698_bbox0.jpg,YES,698.jpg,698.txt,0,0.0
699_bbox0.jpg,NO,699.jpg,699.txt,0,1.0
699_bbox1.jpg,NO,699.jpg,699.txt,1,0.0
7_bbox0.jpg,YES,7.jpg,7.txt,0,0.0
70_bbox0.jpg,YES,70.jpg,70.txt,0,0.0
700_bbox0.jpg,YES,700.jpg,700.txt,0,0.0
701_bbox0.jpg,YES,701.jpg,701.txt,0,0.0
702_bbox0.jpg,YES,702.jpg,702.txt,0,0.0
703_bbox0.jpg,YES,703.jpg,703.txt,0,0.0
704_bbox0.jpg,YES,704.jpg,704.txt,0,0.0
705_bbox0.jpg,YES,705.jpg,705.txt,0,0.0
706_bbox0.jpg,YES,706.jpg,706.txt,0,0.0
707_bbox0.jpg,YES,707.jpg,707.txt,0,0.0
708_bbox0.jpg,YES,708.jpg,708.txt,0,0.0
709_bbox0.jpg,YES,709.jpg,709.txt,0,0.0
71_bbox0.jpg,YES,71.jpg,71.txt,0,0.0
710_bbox0.jpg,YES,710.jpg,710.txt,0,0.0
711_bbox0.jpg,YES,711.jpg,711.txt,0,0.0
712_bbox0.jpg,YES,712.jpg,712.txt,0,0.0
713_bbox0.jpg,YES,713.jpg,713.txt,0,0.0
714_bbox0.jpg,YES,714.jpg,714.txt,0,0.0
715_bbox0.jpg,YES,715.jpg,715.txt,0,0.0
716_bbox0.jpg,YES,716.jpg,716.txt,0,0.0
716_bbox1.jpg,NO,716.jpg,716.txt,1,0.0
717_bbox0.jpg,YES,717.jpg,717.txt,0,0.0
718_bbox0.jpg,YES,718.jpg,718.txt,0,0.0
719_bbox0.jpg,YES,719.jpg,719.txt,0,0.0
72_bbox0.jpg,YES,72.jpg,72.txt,0,0.0
720_bbox0.jpg,YES,720.jpg,720.txt,0,0.0
721_bbox0.jpg,YES,721.jpg,721.txt,0,0.0
722_bbox0.jpg,申し訳ありませんが、この画像からは日本の,722.jpg,722.txt,0,0.0
722_bbox1.jpg,YES,722.jpg,722.txt,1,0.0
723_bbox0.jpg,申し訳ありませんが、この画像から判断できません,723.jpg,723.txt,0,0.0
724_bbox0.jpg,はい。,724.jpg,724.txt,0,0.0
725_bbox0.jpg,NO,725.jpg,725.txt,0,0.0
726_bbox0.jpg,YES,726.jpg,726.txt,0,0.0
727_bbox0.jpg,YES,727.jpg,727.txt,0,0.0
728_bbox0.jpg,YES,728.jpg,728.txt,0,0.0
729_bbox0.jpg,YES,729.jpg,729.txt,0,0.0
73_bbox0.jpg,NO,73.jpg,73.txt,0,0.0
730_bbox0.jpg,YES,730.jpg,730.txt,0,0.0
731_bbox0.jpg,YES,731.jpg,731.txt,0,0.0
732_bbox0.jpg,YES,732.jpg,732.txt,0,0.0
733_bbox0.jpg,YES,733.jpg,733.txt,0,0.0
734_bbox0.jpg,YES,734.jpg,734.txt,0,0.0
735_bbox0.jpg,YES,735.jpg,735.txt,0,0.0
736_bbox0.jpg,YES,736.jpg,736.txt,0,0.0
737_bbox0.jpg,YES,737.jpg,737.txt,0,0.0
738_bbox0.jpg,YES,738.jpg,738.txt,0,0.0
739_bbox0.jpg,YES,739.jpg,739.txt,0,0.0
74_bbox0.jpg,YES,74.jpg,74.txt,0,0.0
740_bbox0.jpg,YES,740.jpg,740.txt,0,0.0
741_bbox0.jpg,YES,741.jpg,741.txt,0,0.0
742_bbox0.jpg,YES,742.jpg,742.txt,0,0.0
743_bbox0.jpg,YES,743.jpg,743.txt,0,0.0
744_bbox0.jpg,YES,744.jpg,744.txt,0,0.0
745_bbox0.jpg,YES,745.jpg,745.txt,0,0.0
746_bbox0.jpg,YES,746.jpg,746.txt,0,0.0
747_bbox0.jpg,YES,747.jpg,747.txt,0,0.0
748_bbox0.jpg,YES,748.jpg,748.txt,0,0.0
749_bbox0.jpg,YES,749.jpg,749.txt,0,0.0
749_bbox1.jpg,NO,749.jpg,749.txt,1,1.0
75_bbox0.jpg,YES,75.jpg,75.txt,0,0.0
750_bbox0.jpg,YES,750.jpg,750.txt,0,0.0
751_bbox0.jpg,NO,751.jpg,751.txt,0,0.0
752_bbox0.jpg,YES,752.jpg,752.txt,0,0.0
753_bbox0.jpg,YES,753.jpg,753.txt,0,0.0
754_bbox0.jpg,YES,754.jpg,754.txt,0,0.0
755_bbox0.jpg,YES,755.jpg,755.txt,0,0.0
756_bbox0.jpg,YES,756.jpg,756.txt,0,0.0
757_bbox0.jpg,はい。,757.jpg,757.txt,0,0.0
758_bbox0.jpg,NO,758.jpg,758.txt,0,0.0
759_bbox0.jpg,YES,759.jpg,759.txt,0,0.0
76_bbox0.jpg,YES,76.jpg,76.txt,0,0.0
760_bbox0.jpg,NO,760.jpg,760.txt,0,0.0
761_bbox0.jpg,YES,761.jpg,761.txt,0,0.0
762_bbox0.jpg,NO,762.jpg,762.txt,0,0.0
763_bbox0.jpg,YES,763.jpg,763.txt,0,0.0
764_bbox0.jpg,YES,764.jpg,764.txt,0,0.0
765_bbox0.jpg,YES,765.jpg,765.txt,0,0.0
766_bbox0.jpg,はい、これは日本の車のナンバ,766.jpg,766.txt,0,0.0
766_bbox1.jpg,NO,766.jpg,766.txt,1,1.0
767_bbox0.jpg,YES,767.jpg,767.txt,0,0.0
768_bbox0.jpg,YES,768.jpg,768.txt,0,0.0
769_bbox0.jpg,YES,769.jpg,769.txt,0,0.0
77_bbox0.jpg,YES,77.jpg,77.txt,0,0.0
770_bbox0.jpg,YES,770.jpg,770.txt,0,0.0
771_bbox0.jpg,YES,771.jpg,771.txt,0,0.0
772_bbox0.jpg,YES,772.jpg,772.txt,0,0.0
773_bbox0.jpg,YES,773.jpg,773.txt,0,0.0
774_bbox0.jpg,YES,774.jpg,774.txt,0,0.0
775_bbox0.jpg,YES,775.jpg,775.txt,0,0.0
776_bbox0.jpg,NO,776.jpg,776.txt,0,0.0
777_bbox0.jpg,YES,777.jpg,777.txt,0,0.0
778_bbox0.jpg,YES,778.jpg,778.txt,0,0.0
779_bbox0.jpg,YES,779.jpg,779.txt,0,0.0
78_bbox0.jpg,YES,78.jpg,78.txt,0,0.0
780_bbox0.jpg,YES,780.jpg,780.txt,0,0.0
781_bbox0.jpg,YES,781.jpg,781.txt,0,0.0
782_bbox0.jpg,YES,782.jpg,782.txt,0,0.0
783_bbox0.jpg,YES,783.jpg,783.txt,0,0.0
784_bbox0.jpg,YES,784.jpg,784.txt,0,0.0
785_bbox0.jpg,YES,785.jpg,785.txt,0,0.0
786_bbox0.jpg,YES,786.jpg,786.txt,0,0.0
787_bbox0.jpg,YES,787.jpg,787.txt,0,0.0
788_bbox0.jpg,YES,788.jpg,788.txt,0,0.0
789_bbox0.jpg,YES,789.jpg,789.txt,0,0.0
79_bbox0.jpg,YES,79.jpg,79.txt,0,0.0
790_bbox0.jpg,YES,790.jpg,790.txt,0,0.0
791_bbox0.jpg,YES,791.jpg,791.txt,0,0.0
792_bbox0.jpg,YES,792.jpg,792.txt,0,0.0
793_bbox0.jpg,YES,793.jpg,793.txt,0,0.0
794_bbox0.jpg,YES,794.jpg,794.txt,0,0.0
795_bbox0.jpg,YES,795.jpg,795.txt,0,0.0
796_bbox0.jpg,YES,796.jpg,796.txt,0,0.0
797_bbox0.jpg,YES,797.jpg,797.txt,0,0.0
798_bbox0.jpg,YES,798.jpg,798.txt,0,0.0
799_bbox0.jpg,YES,799.jpg,799.txt,0,0.0
8_bbox0.jpg,NO,8.jpg,8.txt,0,1.0
8_bbox1.jpg,YES,8.jpg,8.txt,1,1.0
80_bbox0.jpg,NO,80.jpg,80.txt,0,0.0
800_bbox0.jpg,YES,800.jpg,800.txt,0,0.0
801_bbox0.jpg,YES,801.jpg,801.txt,0,0.0
802_bbox0.jpg,YES,802.jpg,802.txt,0,0.0
803_bbox0.jpg,YES,803.jpg,803.txt,0,0.0
804_bbox0.jpg,YES,804.jpg,804.txt,0,0.0
805_bbox0.jpg,YES,805.jpg,805.txt,0,0.0
806_bbox0.jpg,YES,806.jpg,806.txt,0,0.0
807_bbox0.jpg,YES,807.jpg,807.txt,0,0.0
808_bbox0.jpg,YES,808.jpg,808.txt,0,0.0
809_bbox0.jpg,YES,809.jpg,809.txt,0,0.0
81_bbox0.jpg,NO,81.jpg,81.txt,0,0.0
810_bbox0.jpg,NO,810.jpg,810.txt,0,0.0
810_bbox1.jpg,NO,810.jpg,810.txt,1,0.0
811_bbox0.jpg,NO,811.jpg,811.txt,0,0.0
812_bbox0.jpg,YES,812.jpg,812.txt,0,0.0
813_bbox0.jpg,YES,813.jpg,813.txt,0,0.0
814_bbox0.jpg,YES,814.jpg,814.txt,0,0.0
815_bbox0.jpg,YES,815.jpg,815.txt,0,0.0
816_bbox0.jpg,YES,816.jpg,816.txt,0,0.0
817_bbox0.jpg,YES,817.jpg,817.txt,0,0.0
818_bbox0.jpg,NO,818.jpg,818.txt,0,0.0
819_bbox0.jpg,YES,819.jpg,819.txt,0,0.0
82_bbox0.jpg,YES,82.jpg,82.txt,0,0.0
820_bbox0.jpg,YES,820.jpg,820.txt,0,0.0
821_bbox0.jpg,NO,821.jpg,821.txt,0,0.0
822_bbox0.jpg,YES,822.jpg,822.txt,0,0.0
823_bbox0.jpg,YES,823.jpg,823.txt,0,0.0
824_bbox0.jpg,YES,824.jpg,824.txt,0,0.0
825_bbox0.jpg,YES,825.jpg,825.txt,0,0.0
826_bbox0.jpg,YES,826.jpg,826.txt,0,0.0
827_bbox0.jpg,YES,827.jpg,827.txt,0,0.0
828_bbox0.jpg,YES,828.jpg,828.txt,0,0.0
829_bbox0.jpg,YES,829.jpg,829.txt,0,0.0
83_bbox0.jpg,YES,83.jpg,83.txt,0,0.0
830_bbox0.jpg,YES,830.jpg,830.txt,0,0.0
831_bbox0.jpg,YES,831.jpg,831.txt,0,0.0
832_bbox0.jpg,YES,832.jpg,832.txt,0,0.0
833_bbox0.jpg,YES,833.jpg,833.txt,0,0.0
834_bbox0.jpg,YES,834.jpg,834.txt,0,0.0
835_bbox0.jpg,YES,835.jpg,835.txt,0,0.0
836_bbox0.jpg,YES,836.jpg,836.txt,0,0.0
837_bbox0.jpg,YES,837.jpg,837.txt,0,0.0
838_bbox0.jpg,YES,838.jpg,838.txt,0,0.0
839_bbox0.jpg,YES,839.jpg,839.txt,0,0.0
84_bbox0.jpg,YES,84.jpg,84.txt,0,0.0
840_bbox0.jpg,NO,840.jpg,840.txt,0,0.0
841_bbox0.jpg,YES,841.jpg,841.txt,0,0.0
842_bbox0.jpg,YES,842.jpg,842.txt,0,0.0
842_bbox1.jpg,YES,842.jpg,842.txt,1,1.0
843_bbox0.jpg,YES,843.jpg,843.txt,0,0.0
844_bbox0.jpg,YES,844.jpg,844.txt,0,0.0
845_bbox0.jpg,YES,845.jpg,845.txt,0,0.0
846_bbox0.jpg,YES,846.jpg,846.txt,0,0.0
847_bbox0.jpg,YES,847.jpg,847.txt,0,0.0
848_bbox0.jpg,YES,848.jpg,848.txt,0,0.0
849_bbox0.jpg,YES,849.jpg,849.txt,0,0.0
85_bbox0.jpg,YES,85.jpg,85.txt,0,0.0
850_bbox0.jpg,YES,850.jpg,850.txt,0,0.0
851_bbox0.jpg,YES,851.jpg,851.txt,0,0.0
852_bbox0.jpg,YES,852.jpg,852.txt,0,0.0
853_bbox0.jpg,YES,853.jpg,853.txt,0,0.0
854_bbox0.jpg,YES,854.jpg,854.txt,0,0.0
854_bbox1.jpg,NO,854.jpg,854.txt,1,0.0
855_bbox0.jpg,YES,855.jpg,855.txt,0,0.0
856_bbox0.jpg,NO,856.jpg,856.txt,0,0.0
857_bbox0.jpg,YES,857.jpg,857.txt,0,0.0
857_bbox1.jpg,いいえ。,857.jpg,857.txt,1,0.0
858_bbox0.jpg,YES,858.jpg,858.txt,0,0.0
859_bbox0.jpg,YES,859.jpg,859.txt,0,0.0
859_bbox1.jpg,NO,859.jpg,859.txt,1,0.0
86_bbox0.jpg,YES,86.jpg,86.txt,0,0.0
860_bbox0.jpg,NO,860.jpg,860.txt,0,0.0
861_bbox0.jpg,YES,861.jpg,861.txt,0,0.0
862_bbox0.jpg,YES,862.jpg,862.txt,0,0.0
863_bbox0.jpg,YES,863.jpg,863.txt,0,0.0
864_bbox0.jpg,YES,864.jpg,864.txt,0,0.0
865_bbox0.jpg,YES,865.jpg,865.txt,0,0.0
866_bbox0.jpg,YES,866.jpg,866.txt,0,1.0
867_bbox0.jpg,YES,867.jpg,867.txt,0,0.0
868_bbox0.jpg,YES,868.jpg,868.txt,0,0.0
869_bbox0.jpg,YES,869.jpg,869.txt,0,0.0
87_bbox0.jpg,YES,87.jpg,87.txt,0,0.0
87_bbox1.jpg,申し訳ありませんが、この画像だけでは明確,87.jpg,87.txt,1,0.0
870_bbox0.jpg,YES,870.jpg,870.txt,0,0.0
871_bbox0.jpg,YES,871.jpg,871.txt,0,0.0
872_bbox0.jpg,YES,872.jpg,872.txt,0,0.0
873_bbox0.jpg,YES,873.jpg,873.txt,0,0.0
874_bbox0.jpg,YES,874.jpg,874.txt,0,0.0
875_bbox0.jpg,YES,875.jpg,875.txt,0,0.0
876_bbox0.jpg,YES,876.jpg,876.txt,0,0.0
877_bbox0.jpg,YES,877.jpg,877.txt,0,0.0
878_bbox0.jpg,YES,878.jpg,878.txt,0,0.0
879_bbox0.jpg,YES,879.jpg,879.txt,0,0.0
88_bbox0.jpg,YES,88.jpg,88.txt,0,0.0
880_bbox0.jpg,YES,880.jpg,880.txt,0,0.0
881_bbox0.jpg,YES,881.jpg,881.txt,0,0.0
882_bbox0.jpg,NO,882.jpg,882.txt,0,0.0
883_bbox0.jpg,NO,883.jpg,883.txt,0,0.0
884_bbox0.jpg,YES,884.jpg,884.txt,0,0.0
885_bbox0.jpg,YES,885.jpg,885.txt,0,0.0
886_bbox0.jpg,Yes.,886.jpg,886.txt,0,0.0
887_bbox0.jpg,YES,887.jpg,887.txt,0,0.0
888_bbox0.jpg,NO,888.jpg,888.txt,0,0.0
889_bbox0.jpg,YES,889.jpg,889.txt,0,0.0
89_bbox0.jpg,YES,89.jpg,89.txt,0,0.0
890_bbox0.jpg,YES,890.jpg,890.txt,0,0.0
891_bbox0.jpg,YES,891.jpg,891.txt,0,0.0
892_bbox0.jpg,NO,892.jpg,892.txt,0,0.0
893_bbox0.jpg,YES,893.jpg,893.txt,0,0.0
894_bbox0.jpg,YES,894.jpg,894.txt,0,0.0
895_bbox0.jpg,NO,895.jpg,895.txt,0,0.0
896_bbox0.jpg,YES,896.jpg,896.txt,0,0.0
897_bbox0.jpg,YES,897.jpg,897.txt,0,0.0
898_bbox0.jpg,YES,898.jpg,898.txt,0,0.0
899_bbox0.jpg,YES,899.jpg,899.txt,0,0.0
9_bbox0.jpg,YES,9.jpg,9.txt,0,0.0
90_bbox0.jpg,YES,90.jpg,90.txt,0,0.0
900_bbox0.jpg,YES,900.jpg,900.txt,0,0.0
901_bbox0.jpg,YES,901.jpg,901.txt,0,0.0
901_bbox1.jpg,NO,901.jpg,901.txt,1,1.0
902_bbox0.jpg,YES,902.jpg,902.txt,0,0.0
903_bbox0.jpg,NO,903.jpg,903.txt,0,0.0
904_bbox0.jpg,YES,904.jpg,904.txt,0,0.0
905_bbox0.jpg,YES,905.jpg,905.txt,0,0.0
906_bbox0.jpg,YES,906.jpg,906.txt,0,0.0
907_bbox0.jpg,NO,907.jpg,907.txt,0,0.0
908_bbox0.jpg,YES,908.jpg,908.txt,0,0.0
909_bbox0.jpg,NO,909.jpg,909.txt,0,0.0
91_bbox0.jpg,YES,91.jpg,91.txt,0,0.0
910_bbox0.jpg,YES,910.jpg,910.txt,0,0.0
911_bbox0.jpg,YES,911.jpg,911.txt,0,0.0
912_bbox0.jpg,NO,912.jpg,912.txt,0,0.0
913_bbox0.jpg,YES,913.jpg,913.txt,0,0.0
914_bbox0.jpg,YES,914.jpg,914.txt,0,0.0
914_bbox1.jpg,YES,914.jpg,914.txt,1,0.0
915_bbox0.jpg,YES,915.jpg,915.txt,0,0.0
916_bbox0.jpg,YES,916.jpg,916.txt,0,0.0
917_bbox0.jpg,YES,917.jpg,917.txt,0,0.0
918_bbox0.jpg,YES,918.jpg,918.txt,0,0.0
919_bbox0.jpg,NO,919.jpg,919.txt,0,0.0
92_bbox0.jpg,YES,92.jpg,92.txt,0,0.0
92_bbox1.jpg,YES,92.jpg,92.txt,1,1.0
920_bbox0.jpg,YES,920.jpg,920.txt,0,0.0
921_bbox0.jpg,NO,921.jpg,921.txt,0,0.0
922_bbox0.jpg,YES,922.jpg,922.txt,0,0.0
923_bbox0.jpg,YES,923.jpg,923.txt,0,0.0
924_bbox0.jpg,YES,924.jpg,924.txt,0,0.0
924_bbox1.jpg,NO,924.jpg,924.txt,1,0.0
925_bbox0.jpg,YES,925.jpg,925.txt,0,0.0
926_bbox0.jpg,YES,926.jpg,926.txt,0,0.0
926_bbox1.jpg,NO,926.jpg,926.txt,1,0.0
927_bbox0.jpg,YES,927.jpg,927.txt,0,0.0
928_bbox0.jpg,YES,928.jpg,928.txt,0,0.0
929_bbox0.jpg,YES,929.jpg,929.txt,0,0.0
93_bbox0.jpg,YES,93.jpg,93.txt,0,0.0
930_bbox0.jpg,YES,930.jpg,930.txt,0,0.0
931_bbox0.jpg,YES,931.jpg,931.txt,0,0.0
932_bbox0.jpg,YES,932.jpg,932.txt,0,0.0
933_bbox0.jpg,YES,933.jpg,933.txt,0,0.0
934_bbox0.jpg,YES,934.jpg,934.txt,0,0.0
935_bbox0.jpg,YES,935.jpg,935.txt,0,0.0
936_bbox0.jpg,YES,936.jpg,936.txt,0,0.0
937_bbox0.jpg,NO,937.jpg,937.txt,0,0.0
938_bbox0.jpg,YES,938.jpg,938.txt,0,0.0
939_bbox0.jpg,NO,939.jpg,939.txt,0,0.0
94_bbox0.jpg,YES,94.jpg,94.txt,0,0.0
940_bbox0.jpg,YES,940.jpg,940.txt,0,0.0
941_bbox0.jpg,NO,941.jpg,941.txt,0,0.0
941_bbox1.jpg,YES,941.jpg,941.txt,1,0.0
942_bbox0.jpg,YES,942.jpg,942.txt,0,0.0
943_bbox0.jpg,YES,943.jpg,943.txt,0,0.0
944_bbox0.jpg,YES,944.jpg,944.txt,0,0.0
945_bbox0.jpg,YES,945.jpg,945.txt,0,0.0
946_bbox0.jpg,NO,946.jpg,946.txt,0,0.0
947_bbox0.jpg,YES,947.jpg,947.txt,0,0.0
948_bbox0.jpg,Yes,948.jpg,948.txt,0,0.0
949_bbox0.jpg,YES,949.jpg,949.txt,0,0.0
95_bbox0.jpg,YES,95.jpg,95.txt,0,0.0
950_bbox0.jpg,YES,950.jpg,950.txt,0,0.0
951_bbox0.jpg,NO,951.jpg,951.txt,0,0.0
952_bbox0.jpg,はい。,952.jpg,952.txt,0,0.0
953_bbox0.jpg,YES,953.jpg,953.txt,0,0.0
954_bbox0.jpg,YES,954.jpg,954.txt,0,0.0
955_bbox0.jpg,YES,955.jpg,955.txt,0,0.0
956_bbox0.jpg,YES,956.jpg,956.txt,0,0.0
957_bbox0.jpg,YES,957.jpg,957.txt,0,0.0
958_bbox0.jpg,YES,958.jpg,958.txt,0,0.0
959_bbox0.jpg,YES,959.jpg,959.txt,0,0.0
96_bbox0.jpg,YES,96.jpg,96.txt,0,1.0
960_bbox0.jpg,NO,960.jpg,960.txt,0,0.0
961_bbox0.jpg,YES,961.jpg,961.txt,0,0.0
962_bbox0.jpg,YES,962.jpg,962.txt,0,0.0
963_bbox0.jpg,NO,963.jpg,963.txt,0,0.0
964_bbox0.jpg,YES,964.jpg,964.txt,0,0.0
965_bbox0.jpg,YES,965.jpg,965.txt,0,0.0
966_bbox0.jpg,YES,966.jpg,966.txt,0,0.0
967_bbox0.jpg,YES,967.jpg,967.txt,0,0.0
968_bbox0.jpg,YES,968.jpg,968.txt,0,0.0
969_bbox0.jpg,YES,969.jpg,969.txt,0,0.0
97_bbox0.jpg,YES,97.jpg,97.txt,0,0.0
970_bbox0.jpg,YES,970.jpg,970.txt,0,0.0
971_bbox0.jpg,YES,971.jpg,971.txt,0,0.0
972_bbox0.jpg,YES,972.jpg,972.txt,0,0.0
973_bbox0.jpg,YES,973.jpg,973.txt,0,0.0
974_bbox0.jpg,YES,974.jpg,974.txt,0,0.0
975_bbox0.jpg,NO,975.jpg,975.txt,0,0.0
975_bbox1.jpg,YES,975.jpg,975.txt,1,0.0
976_bbox0.jpg,YES,976.jpg,976.txt,0,0.0
977_bbox0.jpg,YES,977.jpg,977.txt,0,0.0
978_bbox0.jpg,YES,978.jpg,978.txt,0,0.0
979_bbox0.jpg,NO,979.jpg,979.txt,0,0.0
98_bbox0.jpg,YES,98.jpg,98.txt,0,0.0
980_bbox0.jpg,YES,980.jpg,980.txt,0,0.0
980_bbox1.jpg,YES,980.jpg,980.txt,1,1.0
981_bbox0.jpg,NO,981.jpg,981.txt,0,0.0
982_bbox0.jpg,YES,982.jpg,982.txt,0,0.0
983_bbox0.jpg,YES,983.jpg,983.txt,0,0.0
984_bbox0.jpg,YES,984.jpg,984.txt,0,0.0
985_bbox0.jpg,YES,985.jpg,985.txt,0,0.0
986_bbox0.jpg,YES,986.jpg,986.txt,0,0.0
987_bbox0.jpg,YES,987.jpg,987.txt,0,0.0
988_bbox0.jpg,YES,988.jpg,988.txt,0,0.0
989_bbox0.jpg,NO,989.jpg,989.txt,0,0.0
989_bbox1.jpg,YES,989.jpg,989.txt,1,0.0
99_bbox0.jpg,YES,99.jpg,99.txt,0,0.0
990_bbox0.jpg,YES,990.jpg,990.txt,0,0.0
991_bbox0.jpg,NO,991.jpg,991.txt,0,0.0
992_bbox0.jpg,YES,992.jpg,992.txt,0,0.0
993_bbox0.jpg,YES,993.jpg,993.txt,0,0.0
994_bbox0.jpg,YES,994.jpg,994.txt,0,0.0
994_bbox1.jpg,NO,994.jpg,994.txt,1,0.0
995_bbox0.jpg,YES,995.jpg,995.txt,0,0.0
996_bbox0.jpg,YES,996.jpg,996.txt,0,0.0
997_bbox0.jpg,YES,997.jpg,997.txt,0,0.0
998_bbox0.jpg,YES,998.jpg,998.txt,0,0.0
999_bbox0.jpg,YES,999.jpg,999.txt,0,0.0
